,date,sales,days,day
0,2013-01-01,810.0,1,1
1,2013-01-02,72092.0,2,2
2,2013-01-03,52105.0,3,3
3,2013-01-04,54167.0,4,4
4,2013-01-05,77818.0,5,5
5,2013-01-06,86184.0,6,6
6,2013-01-07,51619.0,7,7
7,2013-01-08,46941.0,8,8
8,2013-01-09,47910.0,9,9
9,2013-01-10,42390.0,10,10
10,2013-01-11,50793.0,11,11
11,2013-01-12,72754.0,12,12
12,2013-01-13,82854.0,13,13
13,2013-01-14,50195.0,14,14
14,2013-01-15,46604.0,15,15
15,2013-01-16,49122.0,16,16
16,2013-01-17,41646.0,17,17
17,2013-01-18,50245.0,18,18
18,2013-01-19,77014.0,19,19
19,2013-01-20,83841.0,20,20
20,2013-01-21,51118.0,21,21
21,2013-01-22,42931.0,22,22
22,2013-01-23,43549.0,23,23
23,2013-01-24,38394.0,24,24
24,2013-01-25,46689.0,25,25
25,2013-01-26,69586.0,26,26
26,2013-01-27,70851.0,27,27
27,2013-01-28,42178.0,28,28
28,2013-01-29,40592.0,29,29
29,2013-01-30,44583.0,30,30
30,2013-01-31,43078.0,31,31
31,2013-02-01,56866.0,32,32
32,2013-02-02,79804.0,33,33
33,2013-02-03,72329.0,34,34
34,2013-02-04,44528.0,35,35
35,2013-02-05,42741.0,36,36
36,2013-02-06,46479.0,37,37
37,2013-02-07,46000.0,38,38
38,2013-02-08,62111.0,39,39
39,2013-02-09,67626.0,40,40
40,2013-02-10,52689.0,41,41
41,2013-02-11,47522.0,42,42
42,2013-02-12,47483.0,43,43
43,2013-02-13,46575.0,44,44
44,2013-02-14,41366.0,45,45
45,2013-02-15,51659.0,46,46
46,2013-02-16,81385.0,47,47
47,2013-02-17,66902.0,48,48
48,2013-02-18,51503.0,49,49
49,2013-02-19,43284.0,50,50
50,2013-02-20,47312.0,51,51
51,2013-02-21,41292.0,52,52
52,2013-02-22,46619.0,53,53
53,2013-02-23,69259.0,54,54
54,2013-02-24,77335.0,55,55
55,2013-02-25,48718.0,56,56
56,2013-02-26,41366.0,57,57
57,2013-02-27,44791.0,58,58
58,2013-02-28,42710.0,59,59
59,2013-03-01,56760.0,60,60
60,2013-03-02,86736.0,61,61
61,2013-03-03,87516.0,62,62
62,2013-03-04,55912.0,63,63
63,2013-03-05,51642.0,64,64
64,2013-03-06,50242.0,65,65
65,2013-03-07,46922.0,66,66
66,2013-03-08,51941.0,67,67
67,2013-03-09,78980.0,68,68
68,2013-03-10,78363.0,69,69
69,2013-03-11,50501.0,70,70
70,2013-03-12,42810.0,71,71
71,2013-03-13,45023.0,72,72
72,2013-03-14,39000.0,73,73
73,2013-03-15,50897.0,74,74
74,2013-03-16,76480.0,75,75
75,2013-03-17,82922.0,76,76
76,2013-03-18,47279.0,77,77
77,2013-03-19,42741.0,78,78
78,2013-03-20,47078.0,79,79
79,2013-03-21,38349.0,80,80
80,2013-03-22,50035.0,81,81
81,2013-03-23,75968.0,82,82
82,2013-03-24,75445.0,83,83
83,2013-03-25,49999.0,84,84
84,2013-03-26,42925.0,85,85
85,2013-03-27,48816.0,86,86
86,2013-03-28,55021.0,87,87
87,2013-03-29,61859.0,88,88
88,2013-03-30,76877.0,89,89
89,2013-03-31,77181.0,90,90
90,2013-04-01,60003.0,91,91
91,2013-04-02,54001.0,92,92
92,2013-04-03,55428.0,93,93
93,2013-04-04,46133.0,94,94
94,2013-04-05,54537.0,95,95
95,2013-04-06,85635.0,96,96
96,2013-04-07,85682.0,97,97
97,2013-04-08,52047.0,98,98
98,2013-04-09,47664.0,99,99
99,2013-04-10,49143.0,100,100
100,2013-04-11,47706.0,101,101
101,2013-04-12,55103.0,102,102
102,2013-04-13,78856.0,103,103
103,2013-04-14,81527.0,104,104
104,2013-04-15,52278.0,105,105
105,2013-04-16,50665.0,106,106
106,2013-04-17,48816.0,107,107
107,2013-04-18,41733.0,108,108
108,2013-04-19,51501.0,109,109
109,2013-04-20,76492.0,110,110
110,2013-04-21,77845.0,111,111
111,2013-04-22,47858.0,112,112
112,2013-04-23,43351.0,113,113
113,2013-04-24,47338.0,114,114
114,2013-04-25,42482.0,115,115
115,2013-04-26,51952.0,116,116
116,2013-04-27,78796.0,117,117
117,2013-04-28,83114.0,118,118
118,2013-04-29,48706.0,119,119
119,2013-04-30,46729.0,120,120
120,2013-05-01,75080.0,121,121
121,2013-05-02,51235.0,122,122
122,2013-05-03,56825.0,123,123
123,2013-05-04,82517.0,124,124
124,2013-05-05,91697.0,125,125
125,2013-05-06,53947.0,126,126
126,2013-05-07,45921.0,127,127
127,2013-05-08,48987.0,128,128
128,2013-05-09,44287.0,129,129
129,2013-05-10,51200.0,130,130
130,2013-05-11,86983.0,131,131
131,2013-05-12,69816.0,132,132
132,2013-05-13,58821.0,133,133
133,2013-05-14,48364.0,134,134
134,2013-05-15,49711.0,135,135
135,2013-05-16,46763.0,136,136
136,2013-05-17,54176.0,137,137
137,2013-05-18,83246.0,138,138
138,2013-05-19,89043.0,139,139
139,2013-05-20,51120.0,140,140
140,2013-05-21,42483.0,141,141
141,2013-05-22,47331.0,142,142
142,2013-05-23,47751.0,143,143
143,2013-05-24,64927.0,144,144
144,2013-05-25,69931.0,145,145
145,2013-05-26,72833.0,146,146
146,2013-05-27,50146.0,147,147
147,2013-05-28,44066.0,148,148
148,2013-05-29,47215.0,149,149
149,2013-05-30,48103.0,150,150
150,2013-05-31,49598.0,151,151
151,2013-06-01,86125.0,152,152
152,2013-06-02,99473.0,153,153
153,2013-06-03,60558.0,154,154
154,2013-06-04,52366.0,155,155
155,2013-06-05,50992.0,156,156
156,2013-06-06,44398.0,157,157
157,2013-06-07,56405.0,158,158
158,2013-06-08,74530.0,159,159
159,2013-06-09,86963.0,160,160
160,2013-06-10,54805.0,161,161
161,2013-06-11,42173.0,162,162
162,2013-06-12,49476.0,163,163
163,2013-06-13,46522.0,164,164
164,2013-06-14,50898.0,165,165
165,2013-06-15,84062.0,166,166
166,2013-06-16,75603.0,167,167
167,2013-06-17,59394.0,168,168
168,2013-06-18,48662.0,169,169
169,2013-06-19,48518.0,170,170
170,2013-06-20,44751.0,171,171
171,2013-06-21,50770.0,172,172
172,2013-06-22,77716.0,173,173
173,2013-06-23,86616.0,174,174
174,2013-06-24,51104.0,175,175
175,2013-06-25,46937.0,176,176
176,2013-06-26,44572.0,177,177
177,2013-06-27,41123.0,178,178
178,2013-06-28,50383.0,179,179
179,2013-06-29,81171.0,180,180
180,2013-06-30,82040.0,181,181
181,2013-07-01,59242.0,182,182
182,2013-07-02,51657.0,183,183
183,2013-07-03,48573.0,184,184
184,2013-07-04,45862.0,185,185
185,2013-07-05,50122.0,186,186
186,2013-07-06,73381.0,187,187
187,2013-07-07,74622.0,188,188
188,2013-07-08,49749.0,189,189
189,2013-07-09,44552.0,190,190
190,2013-07-10,43514.0,191,191
191,2013-07-11,41232.0,192,192
192,2013-07-12,45887.0,193,193
193,2013-07-13,70748.0,194,194
194,2013-07-14,69213.0,195,195
195,2013-07-15,49598.0,196,196
196,2013-07-16,46321.0,197,197
197,2013-07-17,45976.0,198,198
198,2013-07-18,42989.0,199,199
199,2013-07-19,48246.0,200,200
200,2013-07-20,71138.0,201,201
201,2013-07-21,69215.0,202,202
202,2013-07-22,48706.0,203,203
203,2013-07-23,44403.0,204,204
204,2013-07-24,44631.0,205,205
205,2013-07-25,45525.0,206,206
206,2013-07-26,52763.0,207,207
207,2013-07-27,71689.0,208,208
208,2013-07-28,70958.0,209,209
209,2013-07-29,48547.0,210,210
210,2013-07-30,45568.0,211,211
211,2013-07-31,49838.0,212,212
212,2013-08-01,58832.0,213,213
213,2013-08-02,58105.0,214,214
214,2013-08-03,76600.0,215,215
215,2013-08-04,78674.0,216,216
216,2013-08-05,55964.0,217,217
217,2013-08-06,48861.0,218,218
218,2013-08-07,51750.0,219,219
219,2013-08-08,45223.0,220,220
220,2013-08-09,56994.0,221,221
221,2013-08-10,72429.0,222,222
222,2013-08-11,71491.0,223,223
223,2013-08-12,51037.0,224,224
224,2013-08-13,48492.0,225,225
225,2013-08-14,47806.0,226,226
226,2013-08-15,45997.0,227,227
227,2013-08-16,59161.0,228,228
228,2013-08-17,73632.0,229,229
229,2013-08-18,75026.0,230,230
230,2013-08-19,54829.0,231,231
231,2013-08-20,50801.0,232,232
232,2013-08-21,49485.0,233,233
233,2013-08-22,50756.0,234,234
234,2013-08-23,51997.0,235,235
235,2013-08-24,67660.0,236,236
236,2013-08-25,71594.0,237,237
237,2013-08-26,51180.0,238,238
238,2013-08-27,48908.0,239,239
239,2013-08-28,48631.0,240,240
240,2013-08-29,45340.0,241,241
241,2013-08-30,58691.0,242,242
242,2013-08-31,84981.0,243,243
243,2013-09-01,103265.0,244,244
244,2013-09-02,69338.0,245,245
245,2013-09-03,58184.0,246,246
246,2013-09-04,56818.0,247,247
247,2013-09-05,49568.0,248,248
248,2013-09-06,52021.0,249,249
249,2013-09-07,85849.0,250,250
250,2013-09-08,93549.0,251,251
251,2013-09-09,57483.0,252,252
252,2013-09-10,46900.0,253,253
253,2013-09-11,50787.0,254,254
254,2013-09-12,45213.0,255,255
255,2013-09-13,53085.0,256,256
256,2013-09-14,82022.0,257,257
257,2013-09-15,92721.0,258,258
258,2013-09-16,58940.0,259,259
259,2013-09-17,51380.0,260,260
260,2013-09-18,49395.0,261,261
261,2013-09-19,43939.0,262,262
262,2013-09-20,53457.0,263,263
263,2013-09-21,85674.0,264,264
264,2013-09-22,92535.0,265,265
265,2013-09-23,58727.0,266,266
266,2013-09-24,47315.0,267,267
267,2013-09-25,52627.0,268,268
268,2013-09-26,45533.0,269,269
269,2013-09-27,53837.0,270,270
270,2013-09-28,81683.0,271,271
271,2013-09-29,86186.0,272,272
272,2013-09-30,50122.0,273,273
273,2013-10-01,60321.0,274,274
274,2013-10-02,59689.0,275,275
275,2013-10-03,52196.0,276,276
276,2013-10-04,58243.0,277,277
277,2013-10-05,87728.0,278,278
278,2013-10-06,91453.0,279,279
279,2013-10-07,58456.0,280,280
280,2013-10-08,51219.0,281,281
281,2013-10-09,50572.0,282,282
282,2013-10-10,50737.0,283,283
283,2013-10-11,69524.0,284,284
284,2013-10-12,70580.0,285,285
285,2013-10-13,81370.0,286,286
286,2013-10-14,52081.0,287,287
287,2013-10-15,44504.0,288,288
288,2013-10-16,49900.0,289,289
289,2013-10-17,44072.0,290,290
290,2013-10-18,51057.0,291,291
291,2013-10-19,80806.0,292,292
292,2013-10-20,90794.0,293,293
293,2013-10-21,53253.0,294,294
294,2013-10-22,42987.0,295,295
295,2013-10-23,48435.0,296,296
296,2013-10-24,43362.0,297,297
297,2013-10-25,51872.0,298,298
298,2013-10-26,76303.0,299,299
299,2013-10-27,88675.0,300,300
300,2013-10-28,54626.0,301,301
301,2013-10-29,48415.0,302,302
302,2013-10-30,47144.0,303,303
303,2013-10-31,44981.0,304,304
304,2013-11-01,60038.0,305,305
305,2013-11-02,85721.0,306,306
306,2013-11-03,97066.0,307,307
307,2013-11-04,61172.0,308,308
308,2013-11-05,53889.0,309,309
309,2013-11-06,55177.0,310,310
310,2013-11-07,48297.0,311,311
311,2013-11-08,55735.0,312,312
312,2013-11-09,83121.0,313,313
313,2013-11-10,96165.0,314,314
314,2013-11-11,56988.0,315,315
315,2013-11-12,51700.0,316,316
316,2013-11-13,49737.0,317,317
317,2013-11-14,43748.0,318,318
318,2013-11-15,57886.0,319,319
319,2013-11-16,86253.0,320,320
320,2013-11-17,95914.0,321,321
321,2013-11-18,56867.0,322,322
322,2013-11-19,48933.0,323,323
323,2013-11-20,50178.0,324,324
324,2013-11-21,46136.0,325,325
325,2013-11-22,52719.0,326,326
326,2013-11-23,78307.0,327,327
327,2013-11-24,88883.0,328,328
328,2013-11-25,54032.0,329,329
329,2013-11-26,45566.0,330,330
330,2013-11-27,49371.0,331,331
331,2013-11-28,48532.0,332,332
332,2013-11-29,53854.0,333,333
333,2013-11-30,83454.0,334,334
334,2013-12-01,110068.0,335,335
335,2013-12-02,69163.0,336,336
336,2013-12-03,57259.0,337,337
337,2013-12-04,55770.0,338,338
338,2013-12-05,54490.0,339,339
339,2013-12-06,67538.0,340,340
340,2013-12-07,81986.0,341,341
341,2013-12-08,88714.0,342,342
342,2013-12-09,57522.0,343,343
343,2013-12-10,54913.0,344,344
344,2013-12-11,59185.0,345,345
345,2013-12-12,53054.0,346,346
346,2013-12-13,64038.0,347,347
347,2013-12-14,86129.0,348,348
348,2013-12-15,100122.0,349,349
349,2013-12-16,67450.0,350,350
350,2013-12-17,61175.0,351,351
351,2013-12-18,63989.0,352,352
352,2013-12-19,62692.0,353,353
353,2013-12-20,70487.0,354,354
354,2013-12-21,91862.0,355,355
355,2013-12-22,89825.0,356,356
356,2013-12-23,87598.0,357,357
357,2013-12-24,85329.0,358,358
358,2013-12-26,73168.0,359,359
359,2013-12-27,77409.0,360,360
360,2013-12-28,88614.0,361,361
361,2013-12-29,78396.0,362,362
362,2013-12-30,96102.0,363,363
363,2013-12-31,92017.0,364,364
364,2014-01-01,2175.0,365,365
365,2014-01-02,172933.0,366,366
366,2014-01-03,146684.0,367,367
367,2014-01-04,213643.0,368,368
368,2014-01-05,222012.0,369,369
369,2014-01-06,134433.0,370,370
370,2014-01-07,116379.0,371,371
371,2014-01-08,126533.0,372,372
372,2014-01-09,104418.0,373,373
373,2014-01-10,109869.0,374,374
374,2014-01-11,176562.0,375,375
375,2014-01-12,200931.0,376,376
376,2014-01-13,124033.0,377,377
377,2014-01-14,107893.0,378,378
378,2014-01-15,115098.0,379,379
379,2014-01-16,107782.0,380,380
380,2014-01-17,116932.0,381,381
381,2014-01-18,178318.0,382,382
382,2014-01-19,205070.0,383,383
383,2014-01-20,124204.0,384,384
384,2014-01-21,119075.0,385,385
385,2014-01-22,113548.0,386,386
386,2014-01-23,98744.0,387,387
387,2014-01-24,114525.0,388,388
388,2014-01-25,167344.0,389,389
389,2014-01-26,191848.0,390,390
390,2014-01-27,118252.0,391,391
391,2014-01-28,101178.0,392,392
392,2014-01-29,100613.0,393,393
393,2014-01-30,95195.0,394,394
394,2014-01-31,119574.0,395,395
395,2014-02-01,100164.0,396,396
396,2014-02-02,96461.0,397,397
397,2014-02-03,67515.0,398,398
398,2014-02-04,56493.0,399,399
399,2014-02-05,55108.0,400,400
400,2014-02-06,55583.0,401,401
401,2014-02-07,62398.0,402,402
402,2014-02-08,87731.0,403,403
403,2014-02-09,85094.0,404,404
404,2014-02-10,60158.0,405,405
405,2014-02-11,54697.0,406,406
406,2014-02-12,62369.0,407,407
407,2014-02-13,55169.0,408,408
408,2014-02-14,61813.0,409,409
409,2014-02-15,96266.0,410,410
410,2014-02-16,104233.0,411,411
411,2014-02-17,67389.0,412,412
412,2014-02-18,57416.0,413,413
413,2014-02-19,57453.0,414,414
414,2014-02-20,50574.0,415,415
415,2014-02-21,57279.0,416,416
416,2014-02-22,92987.0,417,417
417,2014-02-23,83233.0,418,418
418,2014-02-24,60921.0,419,419
419,2014-02-25,50556.0,420,420
420,2014-02-26,55459.0,421,421
421,2014-02-27,50568.0,422,422
422,2014-02-28,71666.0,423,423
423,2014-03-01,203637.0,424,424
424,2014-03-02,146383.0,425,425
425,2014-03-03,135327.0,426,426
426,2014-03-04,168606.0,427,427
427,2014-03-05,149664.0,428,428
428,2014-03-06,128954.0,429,429
429,2014-03-07,125245.0,430,430
430,2014-03-08,167501.0,431,431
431,2014-03-09,207153.0,432,432
432,2014-03-10,125074.0,433,433
433,2014-03-11,113425.0,434,434
434,2014-03-12,113369.0,435,435
435,2014-03-13,100040.0,436,436
436,2014-03-14,111076.0,437,437
437,2014-03-15,162692.0,438,438
438,2014-03-16,216993.0,439,439
439,2014-03-17,131748.0,440,440
440,2014-03-18,113236.0,441,441
441,2014-03-19,116925.0,442,442
442,2014-03-20,104708.0,443,443
443,2014-03-21,116080.0,444,444
444,2014-03-22,173506.0,445,445
445,2014-03-23,196142.0,446,446
446,2014-03-24,123713.0,447,447
447,2014-03-25,111921.0,448,448
448,2014-03-26,113414.0,449,449
449,2014-03-27,102039.0,450,450
450,2014-03-28,117243.0,451,451
451,2014-03-29,187439.0,452,452
452,2014-03-30,204049.0,453,453
453,2014-03-31,142892.0,454,454
454,2014-04-01,69603.0,455,455
455,2014-04-02,67563.0,456,456
456,2014-04-03,57799.0,457,457
457,2014-04-04,69815.0,458,458
458,2014-04-05,105006.0,459,459
459,2014-04-06,108684.0,460,460
460,2014-04-07,66624.0,461,461
461,2014-04-08,58574.0,462,462
462,2014-04-09,59827.0,463,463
463,2014-04-10,54230.0,464,464
464,2014-04-11,66332.0,465,465
465,2014-04-12,98408.0,466,466
466,2014-04-13,96119.0,467,467
467,2014-04-14,59960.0,468,468
468,2014-04-15,56390.0,469,469
469,2014-04-16,64095.0,470,470
470,2014-04-17,68721.0,471,471
471,2014-04-18,75392.0,472,472
472,2014-04-19,86805.0,473,473
473,2014-04-20,88483.0,474,474
474,2014-04-21,63609.0,475,475
475,2014-04-22,58112.0,476,476
476,2014-04-23,58359.0,477,477
477,2014-04-24,50937.0,478,478
478,2014-04-25,61537.0,479,479
479,2014-04-26,85177.0,480,480
480,2014-04-27,95416.0,481,481
481,2014-04-28,57356.0,482,482
482,2014-04-29,50202.0,483,483
483,2014-04-30,53990.0,484,484
484,2014-05-01,78962.0,485,485
485,2014-05-02,64284.0,486,486
486,2014-05-03,94864.0,487,487
487,2014-05-04,101287.0,488,488
488,2014-05-05,64649.0,489,489
489,2014-05-06,57870.0,490,490
490,2014-05-07,57705.0,491,491
491,2014-05-08,49244.0,492,492
492,2014-05-09,59525.0,493,493
493,2014-05-10,95159.0,494,494
494,2014-05-11,80059.0,495,495
495,2014-05-12,62713.0,496,496
496,2014-05-13,56771.0,497,497
497,2014-05-14,52073.0,498,498
498,2014-05-15,49135.0,499,499
499,2014-05-16,58701.0,500,500
500,2014-05-17,88017.0,501,501
501,2014-05-18,104696.0,502,502
502,2014-05-19,59787.0,503,503
503,2014-05-20,50085.0,504,504
504,2014-05-21,54151.0,505,505
505,2014-05-22,48061.0,506,506
506,2014-05-23,55783.0,507,507
507,2014-05-24,88017.0,508,508
508,2014-05-25,94557.0,509,509
509,2014-05-26,57519.0,510,510
510,2014-05-27,48270.0,511,511
511,2014-05-28,50834.0,512,512
512,2014-05-29,48281.0,513,513
513,2014-05-30,59178.0,514,514
514,2014-05-31,91541.0,515,515
515,2014-06-01,114657.0,516,516
516,2014-06-02,72708.0,517,517
517,2014-06-03,62687.0,518,518
518,2014-06-04,62208.0,519,519
519,2014-06-05,53502.0,520,520
520,2014-06-06,58061.0,521,521
521,2014-06-07,90754.0,522,522
522,2014-06-08,104307.0,523,523
523,2014-06-09,63668.0,524,524
524,2014-06-10,54163.0,525,525
525,2014-06-11,55837.0,526,526
526,2014-06-12,51503.0,527,527
527,2014-06-13,63452.0,528,528
528,2014-06-14,104430.0,529,529
529,2014-06-15,76030.0,530,530
530,2014-06-16,70432.0,531,531
531,2014-06-17,59488.0,532,532
532,2014-06-18,59042.0,533,533
533,2014-06-19,55222.0,534,534
534,2014-06-20,61230.0,535,535
535,2014-06-21,92464.0,536,536
536,2014-06-22,99990.0,537,537
537,2014-06-23,60970.0,538,538
538,2014-06-24,50137.0,539,539
539,2014-06-25,53829.0,540,540
540,2014-06-26,49449.0,541,541
541,2014-06-27,59170.0,542,542
542,2014-06-28,84659.0,543,543
543,2014-06-29,92730.0,544,544
544,2014-06-30,64099.0,545,545
545,2014-07-01,151981.0,546,546
546,2014-07-02,147934.0,547,547
547,2014-07-03,123586.0,548,548
548,2014-07-04,125861.0,549,549
549,2014-07-05,178341.0,550,550
550,2014-07-06,206575.0,551,551
551,2014-07-07,132624.0,552,552
552,2014-07-08,113402.0,553,553
553,2014-07-09,114770.0,554,554
554,2014-07-10,104974.0,555,555
555,2014-07-11,113287.0,556,556
556,2014-07-12,169948.0,557,557
557,2014-07-13,169215.0,558,558
558,2014-07-14,129145.0,559,559
559,2014-07-15,117142.0,560,560
560,2014-07-16,127336.0,561,561
561,2014-07-17,106428.0,562,562
562,2014-07-18,117099.0,563,563
563,2014-07-19,165636.0,564,564
564,2014-07-20,182377.0,565,565
565,2014-07-21,131027.0,566,566
566,2014-07-22,114090.0,567,567
567,2014-07-23,115441.0,568,568
568,2014-07-24,104302.0,569,569
569,2014-07-25,122394.0,570,570
570,2014-07-26,153221.0,571,571
571,2014-07-27,172959.0,572,572
572,2014-07-28,126824.0,573,573
573,2014-07-29,109457.0,574,574
574,2014-07-30,117522.0,575,575
575,2014-07-31,110919.0,576,576
576,2014-08-01,80389.0,577,577
577,2014-08-02,94091.0,578,578
578,2014-08-03,91730.0,579,579
579,2014-08-04,66305.0,580,580
580,2014-08-05,57555.0,581,581
581,2014-08-06,55308.0,582,582
582,2014-08-07,54736.0,583,583
583,2014-08-08,62264.0,584,584
584,2014-08-09,82135.0,585,585
585,2014-08-10,78411.0,586,586
586,2014-08-11,57659.0,587,587
587,2014-08-12,49912.0,588,588
588,2014-08-13,54471.0,589,589
589,2014-08-14,51834.0,590,590
590,2014-08-15,61863.0,591,591
591,2014-08-16,88876.0,592,592
592,2014-08-17,90666.0,593,593
593,2014-08-18,62962.0,594,594
594,2014-08-19,54542.0,595,595
595,2014-08-20,56769.0,596,596
596,2014-08-21,54182.0,597,597
597,2014-08-22,61667.0,598,598
598,2014-08-23,82568.0,599,599
599,2014-08-24,82944.0,600,600
600,2014-08-25,57848.0,601,601
601,2014-08-26,50198.0,602,602
602,2014-08-27,53315.0,603,603
603,2014-08-28,48711.0,604,604
604,2014-08-29,64932.0,605,605
605,2014-08-30,94349.0,606,606
606,2014-08-31,106037.0,607,607
607,2014-09-01,172757.0,608,608
608,2014-09-02,148319.0,609,609
609,2014-09-03,146359.0,610,610
610,2014-09-04,112193.0,611,611
611,2014-09-05,125860.0,612,612
612,2014-09-06,194662.0,613,613
613,2014-09-07,231114.0,614,614
614,2014-09-08,138852.0,615,615
615,2014-09-09,117135.0,616,616
616,2014-09-10,119029.0,617,617
617,2014-09-11,98811.0,618,618
618,2014-09-12,121194.0,619,619
619,2014-09-13,179462.0,620,620
620,2014-09-14,208883.0,621,621
621,2014-09-15,134086.0,622,622
622,2014-09-16,124439.0,623,623
623,2014-09-17,121247.0,624,624
624,2014-09-18,98139.0,625,625
625,2014-09-19,119192.0,626,626
626,2014-09-20,180765.0,627,627
627,2014-09-21,210065.0,628,628
628,2014-09-22,125423.0,629,629
629,2014-09-23,116327.0,630,630
630,2014-09-24,119590.0,631,631
631,2014-09-25,99385.0,632,632
632,2014-09-26,108601.0,633,633
633,2014-09-27,177267.0,634,634
634,2014-09-28,205114.0,635,635
635,2014-09-29,126282.0,636,636
636,2014-09-30,124348.0,637,637
637,2014-10-01,153024.0,638,638
638,2014-10-02,129010.0,639,639
639,2014-10-03,142634.0,640,640
640,2014-10-04,207598.0,641,641
641,2014-10-05,227487.0,642,642
642,2014-10-06,137697.0,643,643
643,2014-10-07,121874.0,644,644
644,2014-10-08,116832.0,645,645
645,2014-10-09,108366.0,646,646
646,2014-10-10,149328.0,647,647
647,2014-10-11,165890.0,648,648
648,2014-10-12,196396.0,649,649
649,2014-10-13,131991.0,650,650
650,2014-10-14,114501.0,651,651
651,2014-10-15,121743.0,652,652
652,2014-10-16,112064.0,653,653
653,2014-10-17,119249.0,654,654
654,2014-10-18,186827.0,655,655
655,2014-10-19,221605.0,656,656
656,2014-10-20,137521.0,657,657
657,2014-10-21,115066.0,658,658
658,2014-10-22,113787.0,659,659
659,2014-10-23,102591.0,660,660
660,2014-10-24,109771.0,661,661
661,2014-10-25,169056.0,662,662
662,2014-10-26,209689.0,663,663
663,2014-10-27,123684.0,664,664
664,2014-10-28,105748.0,665,665
665,2014-10-29,108417.0,666,666
666,2014-10-30,95290.0,667,667
667,2014-10-31,115550.0,668,668
668,2014-11-01,190507.0,669,669
669,2014-11-02,157736.0,670,670
670,2014-11-03,218609.0,671,671
671,2014-11-04,147464.0,672,672
672,2014-11-05,140770.0,673,673
673,2014-11-06,120157.0,674,674
674,2014-11-07,125594.0,675,675
675,2014-11-08,185119.0,676,676
676,2014-11-09,222291.0,677,677
677,2014-11-10,128126.0,678,678
678,2014-11-11,114749.0,679,679
679,2014-11-12,117279.0,680,680
680,2014-11-13,95826.0,681,681
681,2014-11-14,116254.0,682,682
682,2014-11-15,178048.0,683,683
683,2014-11-16,227067.0,684,684
684,2014-11-17,135478.0,685,685
685,2014-11-18,116131.0,686,686
686,2014-11-19,112524.0,687,687
687,2014-11-20,106837.0,688,688
688,2014-11-21,119104.0,689,689
689,2014-11-22,171219.0,690,690
690,2014-11-23,210661.0,691,691
691,2014-11-24,130434.0,692,692
692,2014-11-25,111090.0,693,693
693,2014-11-26,110373.0,694,694
694,2014-11-27,98746.0,695,695
695,2014-11-28,117069.0,696,696
696,2014-11-29,188334.0,697,697
697,2014-11-30,235518.0,698,698
698,2014-12-01,173576.0,699,699
699,2014-12-02,150309.0,700,700
700,2014-12-03,139015.0,701,701
701,2014-12-04,117265.0,702,702
702,2014-12-05,133763.0,703,703
703,2014-12-06,181876.0,704,704
704,2014-12-07,228774.0,705,705
705,2014-12-08,156317.0,706,706
706,2014-12-09,130833.0,707,707
707,2014-12-10,128255.0,708,708
708,2014-12-11,116490.0,709,709
709,2014-12-12,124825.0,710,710
710,2014-12-13,182818.0,711,711
711,2014-12-14,225581.0,712,712
712,2014-12-15,163435.0,713,713
713,2014-12-16,153062.0,714,714
714,2014-12-17,141511.0,715,715
715,2014-12-18,130685.0,716,716
716,2014-12-19,141834.0,717,717
717,2014-12-20,177888.0,718,718
718,2014-12-21,205947.0,719,719
719,2014-12-22,172501.0,720,720
720,2014-12-23,176570.0,721,721
721,2014-12-24,170693.0,722,722
722,2014-12-26,190032.0,723,723
723,2014-12-27,159451.0,724,724
724,2014-12-28,156768.0,725,725
725,2014-12-29,160240.0,726,726
726,2014-12-30,187782.0,727,727
727,2014-12-31,174464.0,728,728
728,2015-01-01,3528.0,729,729
729,2015-01-02,111353.0,730,730
730,2015-01-03,110296.0,731,731
731,2015-01-04,122463.0,732,732
732,2015-01-05,88624.0,733,733
733,2015-01-06,73243.0,734,734
734,2015-01-07,73468.0,735,735
735,2015-01-08,66253.0,736,736
736,2015-01-09,69734.0,737,737
737,2015-01-10,98179.0,738,738
738,2015-01-11,123002.0,739,739
739,2015-01-12,72239.0,740,740
740,2015-01-13,63328.0,741,741
741,2015-01-14,66153.0,742,742
742,2015-01-15,60565.0,743,743
743,2015-01-16,70884.0,744,744
744,2015-01-17,105951.0,745,745
745,2015-01-18,112461.0,746,746
746,2015-01-19,70342.0,747,747
747,2015-01-20,58100.0,748,748
748,2015-01-21,61233.0,749,749
749,2015-01-22,54953.0,750,750
750,2015-01-23,63469.0,751,751
751,2015-01-24,96166.0,752,752
752,2015-01-25,105923.0,753,753
753,2015-01-26,60931.0,754,754
754,2015-01-27,52079.0,755,755
755,2015-01-28,58011.0,756,756
756,2015-01-29,50044.0,757,757
757,2015-01-30,68934.0,758,758
758,2015-01-31,105212.0,759,759
759,2015-02-01,123239.0,760,760
760,2015-02-02,74256.0,761,761
761,2015-02-03,71036.0,762,762
762,2015-02-04,64450.0,763,763
763,2015-02-05,62577.0,764,764
764,2015-02-06,72859.0,765,765
765,2015-02-07,97983.0,766,766
766,2015-02-08,94395.0,767,767
767,2015-02-09,64997.0,768,768
768,2015-02-10,60081.0,769,769
769,2015-02-11,60369.0,770,770
770,2015-02-12,63431.0,771,771
771,2015-02-13,86290.0,772,772
772,2015-02-14,103490.0,773,773
773,2015-02-15,74875.0,774,774
774,2015-02-16,75002.0,775,775
775,2015-02-17,81193.0,776,776
776,2015-02-18,76071.0,777,777
777,2015-02-19,61469.0,778,778
778,2015-02-20,77607.0,779,779
779,2015-02-21,97337.0,780,780
780,2015-02-22,119559.0,781,781
781,2015-02-23,67447.0,782,782
782,2015-02-24,63167.0,783,783
783,2015-02-25,60108.0,784,784
784,2015-02-26,52844.0,785,785
785,2015-02-27,67085.0,786,786
786,2015-02-28,96695.0,787,787
787,2015-03-01,120531.0,788,788
788,2015-03-02,75597.0,789,789
789,2015-03-03,68631.0,790,790
790,2015-03-04,67758.0,791,791
791,2015-03-05,64200.0,792,792
792,2015-03-06,72164.0,793,793
793,2015-03-07,105999.0,794,794
794,2015-03-08,109904.0,795,795
795,2015-03-09,72537.0,796,796
796,2015-03-10,69134.0,797,797
797,2015-03-11,65135.0,798,798
798,2015-03-12,58096.0,799,799
799,2015-03-13,69359.0,800,800
800,2015-03-14,100108.0,801,801
801,2015-03-15,103675.0,802,802
802,2015-03-16,67787.0,803,803
803,2015-03-17,56083.0,804,804
804,2015-03-18,51117.0,805,805
805,2015-03-19,51270.0,806,806
806,2015-03-20,65964.0,807,807
807,2015-03-21,99110.0,808,808
808,2015-03-22,100532.0,809,809
809,2015-03-23,67213.0,810,810
810,2015-03-24,56124.0,811,811
811,2015-03-25,56342.0,812,812
812,2015-03-26,53874.0,813,813
813,2015-03-27,69563.0,814,814
814,2015-03-28,91796.0,815,815
815,2015-03-29,92581.0,816,816
816,2015-03-30,59422.0,817,817
817,2015-03-31,58428.0,818,818
818,2015-04-01,72437.0,819,819
819,2015-04-02,75373.0,820,820
820,2015-04-03,79073.0,821,821
821,2015-04-04,100278.0,822,822
822,2015-04-05,97667.0,823,823
823,2015-04-06,74249.0,824,824
824,2015-04-07,69443.0,825,825
825,2015-04-08,66312.0,826,826
826,2015-04-09,59861.0,827,827
827,2015-04-10,72353.0,828,828
828,2015-04-11,101645.0,829,829
829,2015-04-12,107316.0,830,830
830,2015-04-13,69918.0,831,831
831,2015-04-14,56924.0,832,832
832,2015-04-15,62284.0,833,833
833,2015-04-16,58135.0,834,834
834,2015-04-17,69325.0,835,835
835,2015-04-18,104019.0,836,836
836,2015-04-19,111810.0,837,837
837,2015-04-20,70266.0,838,838
838,2015-04-21,61786.0,839,839
839,2015-04-22,65191.0,840,840
840,2015-04-23,60910.0,841,841
841,2015-04-24,73523.0,842,842
842,2015-04-25,102105.0,843,843
843,2015-04-26,104082.0,844,844
844,2015-04-27,66069.0,845,845
845,2015-04-28,57552.0,846,846
846,2015-04-29,66330.0,847,847
847,2015-04-30,70911.0,848,848
848,2015-05-01,108439.0,849,849
849,2015-05-02,115923.0,850,850
850,2015-05-03,118220.0,851,851
851,2015-05-04,82034.0,852,852
852,2015-05-05,73822.0,853,853
853,2015-05-06,72650.0,854,854
854,2015-05-07,70516.0,855,855
855,2015-05-08,76100.0,856,856
856,2015-05-09,120977.0,857,857
857,2015-05-10,103419.0,858,858
858,2015-05-11,100265.0,859,859
859,2015-05-12,86067.0,860,860
860,2015-05-13,87980.0,861,861
861,2015-05-14,76833.0,862,862
862,2015-05-15,88813.0,863,863
863,2015-05-16,138256.0,864,864
864,2015-05-17,160410.0,865,865
865,2015-05-18,91905.0,866,866
866,2015-05-19,84465.0,867,867
867,2015-05-20,85446.0,868,868
868,2015-05-21,81561.0,869,869
869,2015-05-22,86392.0,870,870
870,2015-05-23,128075.0,871,871
871,2015-05-24,147438.0,872,872
872,2015-05-25,142885.0,873,873
873,2015-05-26,119315.0,874,874
874,2015-05-27,130646.0,875,875
875,2015-05-28,110606.0,876,876
876,2015-05-29,142542.0,877,877
877,2015-05-30,222684.0,878,878
878,2015-05-31,279416.0,879,879
879,2015-06-01,177796.0,880,880
880,2015-06-02,158218.0,881,881
881,2015-06-03,148618.0,882,882
882,2015-06-04,129861.0,883,883
883,2015-06-05,139106.0,884,884
884,2015-06-06,203812.0,885,885
885,2015-06-07,256266.0,886,886
886,2015-06-08,153741.0,887,887
887,2015-06-09,133264.0,888,888
888,2015-06-10,131189.0,889,889
889,2015-06-11,108538.0,890,890
890,2015-06-12,130983.0,891,891
891,2015-06-13,193557.0,892,892
892,2015-06-14,231832.0,893,893
893,2015-06-15,147746.0,894,894
894,2015-06-16,144085.0,895,895
895,2015-06-17,137699.0,896,896
896,2015-06-18,117815.0,897,897
897,2015-06-19,149341.0,898,898
898,2015-06-20,213946.0,899,899
899,2015-06-21,189656.0,900,900
900,2015-06-22,155611.0,901,901
901,2015-06-23,134868.0,902,902
902,2015-06-24,129511.0,903,903
903,2015-06-25,112540.0,904,904
904,2015-06-26,129554.0,905,905
905,2015-06-27,189444.0,906,906
906,2015-06-28,233445.0,907,907
907,2015-06-29,143810.0,908,908
908,2015-06-30,141374.0,909,909
909,2015-07-01,178850.0,910,910
910,2015-07-02,150691.0,911,911
911,2015-07-03,167561.0,912,912
912,2015-07-04,231442.0,913,913
913,2015-07-05,222054.0,914,914
914,2015-07-06,163773.0,915,915
915,2015-07-07,133971.0,916,916
916,2015-07-08,148297.0,917,917
917,2015-07-09,126515.0,918,918
918,2015-07-10,134557.0,919,919
919,2015-07-11,175384.0,920,920
920,2015-07-12,205222.0,921,921
921,2015-07-13,138442.0,922,922
922,2015-07-14,128372.0,923,923
923,2015-07-15,132498.0,924,924
924,2015-07-16,123396.0,925,925
925,2015-07-17,135501.0,926,926
926,2015-07-18,180644.0,927,927
927,2015-07-19,198112.0,928,928
928,2015-07-20,143393.0,929,929
929,2015-07-21,124720.0,930,930
930,2015-07-22,123891.0,931,931
931,2015-07-23,110462.0,932,932
932,2015-07-24,130521.0,933,933
933,2015-07-25,179044.0,934,934
934,2015-07-26,198840.0,935,935
935,2015-07-27,135793.0,936,936
936,2015-07-28,121059.0,937,937
937,2015-07-29,124694.0,938,938
938,2015-07-30,111569.0,939,939
939,2015-07-31,139862.0,940,940
940,2015-08-01,223619.0,941,941
941,2015-08-02,226146.0,942,942
942,2015-08-03,164279.0,943,943
943,2015-08-04,146430.0,944,944
944,2015-08-05,145053.0,945,945
945,2015-08-06,122278.0,946,946
946,2015-08-07,141550.0,947,947
947,2015-08-08,174314.0,948,948
948,2015-08-09,147786.0,949,949
949,2015-08-10,169813.0,950,950
950,2015-08-11,135807.0,951,951
951,2015-08-12,135600.0,952,952
952,2015-08-13,115113.0,953,953
953,2015-08-14,171899.0,954,954
954,2015-08-15,217135.0,955,955
955,2015-08-16,208213.0,956,956
956,2015-08-17,149741.0,957,957
957,2015-08-18,132609.0,958,958
958,2015-08-19,131368.0,959,959
959,2015-08-20,120312.0,960,960
960,2015-08-21,138317.0,961,961
961,2015-08-22,177761.0,962,962
962,2015-08-23,195491.0,963,963
963,2015-08-24,144581.0,964,964
964,2015-08-25,130586.0,965,965
965,2015-08-26,130276.0,966,966
966,2015-08-27,115548.0,967,967
967,2015-08-28,138499.0,968,968
968,2015-08-29,196492.0,969,969
969,2015-08-30,223201.0,970,970
970,2015-08-31,165371.0,971,971
971,2015-09-01,201878.0,972,972
972,2015-09-02,187208.0,973,973
973,2015-09-03,160764.0,974,974
974,2015-09-04,168572.0,975,975
975,2015-09-05,254856.0,976,976
976,2015-09-06,288474.0,977,977
977,2015-09-07,184317.0,978,978
978,2015-09-08,155460.0,979,979
979,2015-09-09,154908.0,980,980
980,2015-09-10,132801.0,981,981
981,2015-09-11,152567.0,982,982
982,2015-09-12,228446.0,983,983
983,2015-09-13,264504.0,984,984
984,2015-09-14,167985.0,985,985
985,2015-09-15,157006.0,986,986
986,2015-09-16,164646.0,987,987
987,2015-09-17,138240.0,988,988
988,2015-09-18,149665.0,989,989
989,2015-09-19,226917.0,990,990
990,2015-09-20,269952.0,991,991
991,2015-09-21,171329.0,992,992
992,2015-09-22,147748.0,993,993
993,2015-09-23,151735.0,994,994
994,2015-09-24,130493.0,995,995
995,2015-09-25,151268.0,996,996
996,2015-09-26,220853.0,997,997
997,2015-09-27,263863.0,998,998
998,2015-09-28,158953.0,999,999
999,2015-09-29,139997.0,1000,1000
1000,2015-09-30,151850.0,1001,1001
1001,2015-10-01,170270.0,1002,1002
1002,2015-10-02,179072.0,1003,1003
1003,2015-10-03,266772.0,1004,1004
1004,2015-10-04,293128.0,1005,1005
1005,2015-10-05,180680.0,1006,1006
1006,2015-10-06,153568.0,1007,1007
1007,2015-10-07,152723.0,1008,1008
1008,2015-10-08,135449.0,1009,1009
1009,2015-10-09,198341.0,1010,1010
1010,2015-10-10,202425.0,1011,1011
1011,2015-10-11,239775.0,1012,1012
1012,2015-10-12,171553.0,1013,1013
1013,2015-10-13,126001.0,1014,1014
1014,2015-10-14,142303.0,1015,1015
1015,2015-10-15,120661.0,1016,1016
1016,2015-10-16,145065.0,1017,1017
1017,2015-10-17,217293.0,1018,1018
1018,2015-10-18,255640.0,1019,1019
1019,2015-10-19,154403.0,1020,1020
1020,2015-10-20,138062.0,1021,1021
1021,2015-10-21,135597.0,1022,1022
1022,2015-10-22,114266.0,1023,1023
1023,2015-10-23,136944.0,1024,1024
1024,2015-10-24,196368.0,1025,1025
1025,2015-10-25,247406.0,1026,1026
1026,2015-10-26,146756.0,1027,1027
1027,2015-10-27,119431.0,1028,1028
1028,2015-10-28,120395.0,1029,1029
1029,2015-10-29,110449.0,1030,1030
1030,2015-10-30,136186.0,1031,1031
1031,2015-10-31,200340.0,1032,1032
1032,2015-11-01,178923.0,1033,1033
1033,2015-11-02,166253.0,1034,1034
1034,2015-11-03,233975.0,1035,1035
1035,2015-11-04,175193.0,1036,1036
1036,2015-11-05,136033.0,1037,1037
1037,2015-11-06,139532.0,1038,1038
1038,2015-11-07,200149.0,1039,1039
1039,2015-11-08,248989.0,1040,1040
1040,2015-11-09,147662.0,1041,1041
1041,2015-11-10,133410.0,1042,1042
1042,2015-11-11,135161.0,1043,1043
1043,2015-11-12,108605.0,1044,1044
1044,2015-11-13,134346.0,1045,1045
1045,2015-11-14,198512.0,1046,1046
1046,2015-11-15,253378.0,1047,1047
1047,2015-11-16,158543.0,1048,1048
1048,2015-11-17,128542.0,1049,1049
1049,2015-11-18,138055.0,1050,1050
1050,2015-11-19,120479.0,1051,1051
1051,2015-11-20,140459.0,1052,1052
1052,2015-11-21,196489.0,1053,1053
1053,2015-11-22,241280.0,1054,1054
1054,2015-11-23,148176.0,1055,1055
1055,2015-11-24,127901.0,1056,1056
1056,2015-11-25,131036.0,1057,1057
1057,2015-11-26,114515.0,1058,1058
1058,2015-11-27,138362.0,1059,1059
1059,2015-11-28,194999.0,1060,1060
1060,2015-11-29,259468.0,1061,1061
1061,2015-11-30,166074.0,1062,1062
1062,2015-12-01,175428.0,1063,1063
1063,2015-12-02,168466.0,1064,1064
1064,2015-12-03,142518.0,1065,1065
1065,2015-12-04,150676.0,1066,1066
1066,2015-12-05,212881.0,1067,1067
1067,2015-12-06,265552.0,1068,1068
1068,2015-12-07,174770.0,1069,1069
1069,2015-12-08,144221.0,1070,1070
1070,2015-12-09,147989.0,1071,1071
1071,2015-12-10,130101.0,1072,1072
1072,2015-12-11,144439.0,1073,1073
1073,2015-12-12,202436.0,1074,1074
1074,2015-12-13,245033.0,1075,1075
1075,2015-12-14,160756.0,1076,1076
1076,2015-12-15,146725.0,1077,1077
1077,2015-12-16,155905.0,1078,1078
1078,2015-12-17,147661.0,1079,1079
1079,2015-12-18,156419.0,1080,1080
1080,2015-12-19,216978.0,1081,1081
1081,2015-12-20,239069.0,1082,1082
1082,2015-12-21,188430.0,1083,1083
1083,2015-12-22,189733.0,1084,1084
1084,2015-12-23,199461.0,1085,1085
1085,2015-12-24,191789.0,1086,1086
1086,2015-12-26,214286.0,1087,1087
1087,2015-12-27,193941.0,1088,1088
1088,2015-12-28,169404.0,1089,1089
1089,2015-12-29,182087.0,1090,1090
1090,2015-12-30,210801.0,1091,1091
1091,2015-12-31,209006.0,1092,1092
1092,2016-01-01,5104.0,1093,1093
1093,2016-01-02,250510.0,1094,1094
1094,2016-01-03,299177.0,1095,1095
1095,2016-01-04,217525.0,1096,1096
1096,2016-01-05,187069.0,1097,1097
1097,2016-01-06,170360.0,1098,1098
1098,2016-01-07,143636.0,1099,1099
1099,2016-01-08,152225.0,1100,1100
1100,2016-01-09,227854.0,1101,1101
1101,2016-01-10,263121.0,1102,1102
1102,2016-01-11,157869.0,1103,1103
1103,2016-01-12,136315.0,1104,1104
1104,2016-01-13,132266.0,1105,1105
1105,2016-01-14,120609.0,1106,1106
1106,2016-01-15,141955.0,1107,1107
1107,2016-01-16,220308.0,1108,1108
1108,2016-01-17,251345.0,1109,1109
1109,2016-01-18,158492.0,1110,1110
1110,2016-01-19,136240.0,1111,1111
1111,2016-01-20,143371.0,1112,1112
1112,2016-01-21,115821.0,1113,1113
1113,2016-01-22,135214.0,1114,1114
1114,2016-01-23,204449.0,1115,1115
1115,2016-01-24,231483.0,1116,1116
1116,2016-01-25,141976.0,1117,1117
1117,2016-01-26,128256.0,1118,1118
1118,2016-01-27,129324.0,1119,1119
1119,2016-01-28,113870.0,1120,1120
1120,2016-01-29,137022.0,1121,1121
1121,2016-01-30,209541.0,1122,1122
1122,2016-01-31,245481.0,1123,1123
1123,2016-02-01,182638.0,1124,1124
1124,2016-02-02,154284.0,1125,1125
1125,2016-02-03,149974.0,1126,1126
1126,2016-02-04,134005.0,1127,1127
1127,2016-02-05,167256.0,1128,1128
1128,2016-02-06,207438.0,1129,1129
1129,2016-02-07,152830.0,1130,1130
1130,2016-02-08,133559.0,1131,1131
1131,2016-02-09,157846.0,1132,1132
1132,2016-02-10,154782.0,1133,1133
1133,2016-02-11,132974.0,1134,1134
1134,2016-02-12,144742.0,1135,1135
1135,2016-02-13,190061.0,1136,1136
1136,2016-02-14,219933.0,1137,1137
1137,2016-02-15,166667.0,1138,1138
1138,2016-02-16,150444.0,1139,1139
1139,2016-02-17,142628.0,1140,1140
1140,2016-02-18,124212.0,1141,1141
1141,2016-02-19,146081.0,1142,1142
1142,2016-02-20,203285.0,1143,1143
1143,2016-02-21,234842.0,1144,1144
1144,2016-02-22,153189.0,1145,1145
1145,2016-02-23,134845.0,1146,1146
1146,2016-02-24,137272.0,1147,1147
1147,2016-02-25,120695.0,1148,1148
1148,2016-02-26,137555.0,1149,1149
1149,2016-02-27,208705.0,1150,1150
1150,2016-02-28,229672.0,1151,1151
1151,2016-02-29,158195.0,1152,1152
1152,2016-03-01,179419.0,1153,1153
1153,2016-03-02,170183.0,1154,1154
1154,2016-03-03,135577.0,1155,1155
1155,2016-03-04,152201.0,1156,1156
1156,2016-03-05,227024.0,1157,1157
1157,2016-03-06,245308.0,1158,1158
1158,2016-03-07,155266.0,1159,1159
1159,2016-03-08,132163.0,1160,1160
1160,2016-03-09,137198.0,1161,1161
1161,2016-03-10,119723.0,1162,1162
1162,2016-03-11,141062.0,1163,1163
1163,2016-03-12,201038.0,1164,1164
1164,2016-03-13,223273.0,1165,1165
1165,2016-03-14,144170.0,1166,1166
1166,2016-03-15,135828.0,1167,1167
1167,2016-03-16,147195.0,1168,1168
1168,2016-03-17,121907.0,1169,1169
1169,2016-03-18,143712.0,1170,1170
1170,2016-03-19,202664.0,1171,1171
1171,2016-03-20,216151.0,1172,1172
1172,2016-03-21,148126.0,1173,1173
1173,2016-03-22,130755.0,1174,1174
1174,2016-03-23,148247.0,1175,1175
1175,2016-03-24,149854.0,1176,1176
1176,2016-03-25,149515.0,1177,1177
1177,2016-03-26,182196.0,1178,1178
1178,2016-03-27,195375.0,1179,1179
1179,2016-03-28,143196.0,1180,1180
1180,2016-03-29,130183.0,1181,1181
1181,2016-03-30,129972.0,1182,1182
1182,2016-03-31,129134.0,1183,1183
1183,2016-04-01,178237.0,1184,1184
1184,2016-04-02,247315.0,1185,1185
1185,2016-04-03,280881.0,1186,1186
1186,2016-04-04,168081.0,1187,1187
1187,2016-04-05,146023.0,1188,1188
1188,2016-04-06,145034.0,1189,1189
1189,2016-04-07,122792.0,1190,1190
1190,2016-04-08,149302.0,1191,1191
1191,2016-04-09,209669.0,1192,1192
1192,2016-04-10,236767.0,1193,1193
1193,2016-04-11,146607.0,1194,1194
1194,2016-04-12,134193.0,1195,1195
1195,2016-04-13,138348.0,1196,1196
1196,2016-04-14,115020.0,1197,1197
1197,2016-04-15,136320.0,1198,1198
1198,2016-04-16,186935.0,1199,1199
1199,2016-04-17,308788.0,1200,1200
1200,2016-04-18,303298.0,1201,1201
1201,2016-04-19,301533.0,1202,1202
1202,2016-04-20,249845.0,1203,1203
1203,2016-04-21,213186.0,1204,1204
1204,2016-04-22,191154.0,1205,1205
1205,2016-04-23,233084.0,1206,1206
1206,2016-04-24,238503.0,1207,1207
1207,2016-04-25,148627.0,1208,1208
1208,2016-04-26,135431.0,1209,1209
1209,2016-04-27,136526.0,1210,1210
1210,2016-04-28,114193.0,1211,1211
1211,2016-04-29,146007.0,1212,1212
1212,2016-04-30,232805.0,1213,1213
1213,2016-05-01,282785.0,1214,1214
1214,2016-05-02,181088.0,1215,1215
1215,2016-05-03,161856.0,1216,1216
1216,2016-05-04,154805.0,1217,1217
1217,2016-05-05,135208.0,1218,1218
1218,2016-05-06,155813.0,1219,1219
1219,2016-05-07,233769.0,1220,1220
1220,2016-05-08,193033.0,1221,1221
1221,2016-05-09,167064.0,1222,1222
1222,2016-05-10,142775.0,1223,1223
1223,2016-05-11,146886.0,1224,1224
1224,2016-05-12,125988.0,1225,1225
1225,2016-05-13,138176.0,1226,1226
1226,2016-05-14,206787.0,1227,1227
1227,2016-05-15,247562.0,1228,1228
1228,2016-05-16,159437.0,1229,1229
1229,2016-05-17,135697.0,1230,1230
1230,2016-05-18,133039.0,1231,1231
1231,2016-05-19,120632.0,1232,1232
1232,2016-05-20,140732.0,1233,1233
1233,2016-05-21,198856.0,1234,1234
1234,2016-05-22,235966.0,1235,1235
1235,2016-05-23,146066.0,1236,1236
1236,2016-05-24,118786.0,1237,1237
1237,2016-05-25,119655.0,1238,1238
1238,2016-05-26,118074.0,1239,1239
1239,2016-05-27,173865.0,1240,1240
1240,2016-05-28,169401.0,1241,1241
1241,2016-05-29,210425.0,1242,1242
1242,2016-05-30,154183.0,1243,1243
1243,2016-05-31,189942.0,1244,1244
1244,2016-06-01,144778.0,1245,1245
1245,2016-06-02,136640.0,1246,1246
1246,2016-06-03,136752.0,1247,1247
1247,2016-06-04,200698.0,1248,1248
1248,2016-06-05,237485.0,1249,1249
1249,2016-06-06,143265.0,1250,1250
1250,2016-06-07,122148.0,1251,1251
1251,2016-06-08,123561.0,1252,1252
1252,2016-06-09,103888.0,1253,1253
1253,2016-06-10,120510.0,1254,1254
1254,2016-06-11,177120.0,1255,1255
1255,2016-06-12,209344.0,1256,1256
1256,2016-06-13,145511.0,1257,1257
1257,2016-06-14,122071.0,1258,1258
1258,2016-06-15,130428.0,1259,1259
1259,2016-06-16,117386.0,1260,1260
1260,2016-06-17,138623.0,1261,1261
1261,2016-06-18,201641.0,1262,1262
1262,2016-06-19,188682.0,1263,1263
1263,2016-06-20,156605.0,1264,1264
1264,2016-06-21,144562.0,1265,1265
1265,2016-06-22,130519.0,1266,1266
1266,2016-06-23,110900.0,1267,1267
1267,2016-06-24,127196.0,1268,1268
1268,2016-06-25,186097.0,1269,1269
1269,2016-06-26,211047.0,1270,1270
1270,2016-06-27,143453.0,1271,1271
1271,2016-06-28,120127.0,1272,1272
1272,2016-06-29,120697.0,1273,1273
1273,2016-06-30,111342.0,1274,1274
1274,2016-07-01,163624.0,1275,1275
1275,2016-07-02,221451.0,1276,1276
1276,2016-07-03,240162.0,1277,1277
1277,2016-07-04,171926.0,1278,1278
1278,2016-07-05,141837.0,1279,1279
1279,2016-07-06,141899.0,1280,1280
1280,2016-07-07,117203.0,1281,1281
1281,2016-07-08,137729.0,1282,1282
1282,2016-07-09,186086.0,1283,1283
1283,2016-07-10,205290.0,1284,1284
1284,2016-07-11,148417.0,1285,1285
1285,2016-07-12,127538.0,1286,1286
1286,2016-07-13,120720.0,1287,1287
1287,2016-07-14,108521.0,1288,1288
1288,2016-07-15,139563.0,1289,1289
1289,2016-07-16,191821.0,1290,1290
1290,2016-07-17,206438.0,1291,1291
1291,2016-07-18,148214.0,1292,1292
1292,2016-07-19,123942.0,1293,1293
1293,2016-07-20,128434.0,1294,1294
1294,2016-07-21,115017.0,1295,1295
1295,2016-07-22,129281.0,1296,1296
1296,2016-07-23,178923.0,1297,1297
1297,2016-07-24,188675.0,1298,1298
1298,2016-07-25,148783.0,1299,1299
1299,2016-07-26,124377.0,1300,1300
1300,2016-07-27,132795.0,1301,1301
1301,2016-07-28,107270.0,1302,1302
1302,2016-07-29,133460.0,1303,1303
1303,2016-07-30,191957.0,1304,1304
1304,2016-07-31,216431.0,1305,1305
1305,2016-08-01,180546.0,1306,1306
1306,2016-08-02,152668.0,1307,1307
1307,2016-08-03,145874.0,1308,1308
1308,2016-08-04,128160.0,1309,1309
1309,2016-08-05,148293.0,1310,1310
1310,2016-08-06,193330.0,1311,1311
1311,2016-08-07,206605.0,1312,1312
1312,2016-08-08,157126.0,1313,1313
1313,2016-08-09,137263.0,1314,1314
1314,2016-08-10,138205.0,1315,1315
1315,2016-08-11,135983.0,1316,1316
1316,2016-08-12,164500.0,1317,1317
1317,2016-08-13,166578.0,1318,1318
1318,2016-08-14,180725.0,1319,1319
1319,2016-08-15,158646.0,1320,1320
1320,2016-08-16,147799.0,1321,1321
1321,2016-08-17,147254.0,1322,1322
1322,2016-08-18,127986.0,1323,1323
1323,2016-08-19,150082.0,1324,1324
1324,2016-08-20,187625.0,1325,1325
1325,2016-08-21,211220.0,1326,1326
1326,2016-08-22,155457.0,1327,1327
1327,2016-08-23,142435.0,1328,1328
1328,2016-08-24,141334.0,1329,1329
1329,2016-08-25,124207.0,1330,1330
1330,2016-08-26,134789.0,1331,1331
1331,2016-08-27,176165.0,1332,1332
1332,2016-08-28,197233.0,1333,1333
1333,2016-08-29,147156.0,1334,1334
1334,2016-08-30,133625.0,1335,1335
1335,2016-08-31,145155.0,1336,1336
1336,2016-09-01,147069.0,1337,1337
1337,2016-09-02,181079.0,1338,1338
1338,2016-09-03,238510.0,1339,1339
1339,2016-09-04,261398.0,1340,1340
1340,2016-09-05,183848.0,1341,1341
1341,2016-09-06,164550.0,1342,1342
1342,2016-09-07,154897.0,1343,1343
1343,2016-09-08,123746.0,1344,1344
1344,2016-09-09,138299.0,1345,1345
1345,2016-09-10,206418.0,1346,1346
1346,2016-09-11,235684.0,1347,1347
1347,2016-09-12,145080.0,1348,1348
1348,2016-09-13,122882.0,1349,1349
1349,2016-09-14,121120.0,1350,1350
1350,2016-09-15,116264.0,1351,1351
1351,2016-09-16,143598.0,1352,1352
1352,2016-09-17,200090.0,1353,1353
1353,2016-09-18,235321.0,1354,1354
1354,2016-09-19,141236.0,1355,1355
1355,2016-09-20,132262.0,1356,1356
1356,2016-09-21,129414.0,1357,1357
1357,2016-09-22,110130.0,1358,1358
1358,2016-09-23,136138.0,1359,1359
1359,2016-09-24,192610.0,1360,1360
1360,2016-09-25,221098.0,1361,1361
1361,2016-09-26,143488.0,1362,1362
1362,2016-09-27,122181.0,1363,1363
1363,2016-09-28,123595.0,1364,1364
1364,2016-09-29,112182.0,1365,1365
1365,2016-09-30,142867.0,1366,1366
1366,2016-10-01,251375.0,1367,1367
1367,2016-10-02,279121.0,1368,1368
1368,2016-10-03,172823.0,1369,1369
1369,2016-10-04,146150.0,1370,1370
1370,2016-10-05,146410.0,1371,1371
1371,2016-10-06,120057.0,1372,1372
1372,2016-10-07,143269.0,1373,1373
1373,2016-10-08,202566.0,1374,1374
1374,2016-10-09,247109.0,1375,1375
1375,2016-10-10,153350.0,1376,1376
1376,2016-10-11,125318.0,1377,1377
1377,2016-10-12,129236.0,1378,1378
1378,2016-10-13,111697.0,1379,1379
1379,2016-10-14,138234.0,1380,1380
1380,2016-10-15,197333.0,1381,1381
1381,2016-10-16,258559.0,1382,1382
1382,2016-10-17,151406.0,1383,1383
1383,2016-10-18,129897.0,1384,1384
1384,2016-10-19,127212.0,1385,1385
1385,2016-10-20,124603.0,1386,1386
1386,2016-10-21,144526.0,1387,1387
1387,2016-10-22,192343.0,1388,1388
1388,2016-10-23,241561.0,1389,1389
1389,2016-10-24,142098.0,1390,1390
1390,2016-10-25,124323.0,1391,1391
1391,2016-10-26,128716.0,1392,1392
1392,2016-10-27,120153.0,1393,1393
1393,2016-10-28,136370.0,1394,1394
1394,2016-10-29,194747.0,1395,1395
1395,2016-10-30,232250.0,1396,1396
1396,2016-10-31,148589.0,1397,1397
1397,2016-11-01,182070.0,1398,1398
1398,2016-11-02,215033.0,1399,1399
1399,2016-11-03,180293.0,1400,1400
1400,2016-11-04,193535.0,1401,1401
1401,2016-11-05,208685.0,1402,1402
1402,2016-11-06,270422.0,1403,1403
1403,2016-11-07,187162.0,1404,1404
1404,2016-11-08,166081.0,1405,1405
1405,2016-11-09,164618.0,1406,1406
1406,2016-11-10,129184.0,1407,1407
1407,2016-11-11,150597.0,1408,1408
1408,2016-11-12,222661.0,1409,1409
1409,2016-11-13,291398.0,1410,1410
1410,2016-11-14,165265.0,1411,1411
1411,2016-11-15,160177.0,1412,1412
1412,2016-11-16,181322.0,1413,1413
1413,2016-11-17,138887.0,1414,1414
1414,2016-11-18,167311.0,1415,1415
1415,2016-11-19,220970.0,1416,1416
1416,2016-11-20,278158.0,1417,1417
1417,2016-11-21,172392.0,1418,1418
1418,2016-11-22,151843.0,1419,1419
1419,2016-11-23,157465.0,1420,1420
1420,2016-11-24,133102.0,1421,1421
1421,2016-11-25,170648.0,1422,1422
1422,2016-11-26,223057.0,1423,1423
1423,2016-11-27,263835.0,1424,1424
1424,2016-11-28,177635.0,1425,1425
1425,2016-11-29,140124.0,1426,1426
1426,2016-11-30,164748.0,1427,1427
1427,2016-12-01,178953.0,1428,1428
1428,2016-12-02,185360.0,1429,1429
1429,2016-12-03,255126.0,1430,1430
1430,2016-12-04,297968.0,1431,1431
1431,2016-12-05,182323.0,1432,1432
1432,2016-12-06,207703.0,1433,1433
1433,2016-12-07,178510.0,1434,1434
1434,2016-12-08,140546.0,1435,1435
1435,2016-12-09,163758.0,1436,1436
1436,2016-12-10,209125.0,1437,1437
1437,2016-12-11,260947.0,1438,1438
1438,2016-12-12,168443.0,1439,1439
1439,2016-12-13,148518.0,1440,1440
1440,2016-12-14,159319.0,1441,1441
1441,2016-12-15,146315.0,1442,1442
1442,2016-12-16,169151.0,1443,1443
1443,2016-12-17,226210.0,1444,1444
1444,2016-12-18,270298.0,1445,1445
1445,2016-12-19,196844.0,1446,1446
1446,2016-12-20,194254.0,1447,1447
1447,2016-12-21,198153.0,1448,1448
1448,2016-12-22,198308.0,1449,1449
1449,2016-12-23,226894.0,1450,1450
1450,2016-12-24,236331.0,1451,1451
1451,2016-12-26,227027.0,1452,1452
1452,2016-12-27,177554.0,1453,1453
1453,2016-12-28,192477.0,1454,1454
1454,2016-12-29,186177.0,1455,1455
1455,2016-12-30,240693.0,1456,1456
1456,2016-12-31,243518.0,1457,1457
