,date,sales,day
0,2013-01-01,700.0,1
1,2013-01-02,202020.0,2
2,2013-01-03,144878.0,3
3,2013-01-04,135754.0,4
4,2013-01-05,188356.0,5
5,2013-01-06,207297.0,6
6,2013-01-07,133189.0,7
7,2013-01-08,133290.0,8
8,2013-01-09,115871.0,9
9,2013-01-10,96200.0,10
10,2013-01-11,103280.0,11
11,2013-01-12,151025.0,12
12,2013-01-13,183099.0,13
13,2013-01-14,112128.0,14
14,2013-01-15,114578.0,15
15,2013-01-16,124276.0,16
16,2013-01-17,103443.0,17
17,2013-01-18,106982.0,18
18,2013-01-19,165079.0,19
19,2013-01-20,180666.0,20
20,2013-01-21,122481.0,21
21,2013-01-22,123066.0,22
22,2013-01-23,112342.0,23
23,2013-01-24,96882.0,24
24,2013-01-25,107648.0,25
25,2013-01-26,159843.0,26
26,2013-01-27,172363.0,27
27,2013-01-28,115001.0,28
28,2013-01-29,104878.0,29
29,2013-01-30,109595.0,30
30,2013-01-31,106030.0,31
31,2013-02-01,143725.0,32
32,2013-02-02,209880.0,33
33,2013-02-03,200916.0,34
34,2013-02-04,145431.0,35
35,2013-02-05,136560.0,36
36,2013-02-06,130045.0,37
37,2013-02-07,115368.0,38
38,2013-02-08,135989.0,39
39,2013-02-09,165328.0,40
40,2013-02-10,116520.0,41
41,2013-02-11,106539.0,42
42,2013-02-12,123067.0,43
43,2013-02-13,132882.0,44
44,2013-02-14,139200.0,45
45,2013-02-15,125907.0,46
46,2013-02-16,199339.0,47
47,2013-02-17,164343.0,48
48,2013-02-18,146894.0,49
49,2013-02-19,122032.0,50
50,2013-02-20,129748.0,51
51,2013-02-21,107321.0,52
52,2013-02-22,109427.0,53
53,2013-02-23,165049.0,54
54,2013-02-24,185535.0,55
55,2013-02-25,124754.0,56
56,2013-02-26,109465.0,57
57,2013-02-27,116218.0,58
58,2013-02-28,111918.0,59
59,2013-03-01,152910.0,60
60,2013-03-02,228251.0,61
61,2013-03-03,236046.0,62
62,2013-03-04,161101.0,63
63,2013-03-05,137837.0,64
64,2013-03-06,138260.0,65
65,2013-03-07,116964.0,66
66,2013-03-08,126782.0,67
67,2013-03-09,179740.0,68
68,2013-03-10,188374.0,69
69,2013-03-11,129310.0,70
70,2013-03-12,110553.0,71
71,2013-03-13,113734.0,72
72,2013-03-14,97180.0,73
73,2013-03-15,121756.0,74
74,2013-03-16,196087.0,75
75,2013-03-17,213852.0,76
76,2013-03-18,139653.0,77
77,2013-03-19,122446.0,78
78,2013-03-20,134763.0,79
79,2013-03-21,110724.0,80
80,2013-03-22,118742.0,81
81,2013-03-23,181659.0,82
82,2013-03-24,187229.0,83
83,2013-03-25,131191.0,84
84,2013-03-26,115064.0,85
85,2013-03-27,131166.0,86
86,2013-03-28,142282.0,87
87,2013-03-29,138065.0,88
88,2013-03-30,184463.0,89
89,2013-03-31,193663.0,90
90,2013-04-01,185526.0,91
91,2013-04-02,162516.0,92
92,2013-04-03,158484.0,93
93,2013-04-04,128403.0,94
94,2013-04-05,130952.0,95
95,2013-04-06,207627.0,96
96,2013-04-07,217132.0,97
97,2013-04-08,148646.0,98
98,2013-04-09,128563.0,99
99,2013-04-10,128249.0,100
100,2013-04-11,133566.0,101
101,2013-04-12,119148.0,102
102,2013-04-13,182298.0,103
103,2013-04-14,199989.0,104
104,2013-04-15,141263.0,105
105,2013-04-16,139074.0,106
106,2013-04-17,144229.0,107
107,2013-04-18,120743.0,108
108,2013-04-19,120012.0,109
109,2013-04-20,186817.0,110
110,2013-04-21,203746.0,111
111,2013-04-22,138701.0,112
112,2013-04-23,126857.0,113
113,2013-04-24,125819.0,114
114,2013-04-25,108821.0,115
115,2013-04-26,117492.0,116
116,2013-04-27,180046.0,117
117,2013-04-28,197889.0,118
118,2013-04-29,142972.0,119
119,2013-04-30,128434.0,120
120,2013-05-01,217274.0,121
121,2013-05-02,147836.0,122
122,2013-05-03,155859.0,123
123,2013-05-04,218874.0,124
124,2013-05-05,250530.0,125
125,2013-05-06,160731.0,126
126,2013-05-07,135374.0,127
127,2013-05-08,138804.0,128
128,2013-05-09,128308.0,129
129,2013-05-10,133719.0,130
130,2013-05-11,206691.0,131
131,2013-05-12,160069.0,132
132,2013-05-13,145115.0,133
133,2013-05-14,127139.0,134
134,2013-05-15,136767.0,135
135,2013-05-16,125700.0,136
136,2013-05-17,129706.0,137
137,2013-05-18,193969.0,138
138,2013-05-19,216205.0,139
139,2013-05-20,144910.0,140
140,2013-05-21,133407.0,141
141,2013-05-22,123455.0,142
142,2013-05-23,114071.0,143
143,2013-05-24,156277.0,144
144,2013-05-25,167502.0,145
145,2013-05-26,191257.0,146
146,2013-05-27,134052.0,147
147,2013-05-28,128291.0,148
148,2013-05-29,128057.0,149
149,2013-05-30,124240.0,150
150,2013-05-31,131910.0,151
151,2013-06-01,241945.0,152
152,2013-06-02,279006.0,153
153,2013-06-03,186352.0,154
154,2013-06-04,162192.0,155
155,2013-06-05,155995.0,156
156,2013-06-06,137716.0,157
157,2013-06-07,139320.0,158
158,2013-06-08,196910.0,159
159,2013-06-09,225824.0,160
160,2013-06-10,148821.0,161
161,2013-06-11,119943.0,162
162,2013-06-12,133679.0,163
163,2013-06-13,114605.0,164
164,2013-06-14,129117.0,165
165,2013-06-15,205172.0,166
166,2013-06-16,182123.0,167
167,2013-06-17,155589.0,168
168,2013-06-18,136462.0,169
169,2013-06-19,132881.0,170
170,2013-06-20,122119.0,171
171,2013-06-21,127186.0,172
172,2013-06-22,181200.0,173
173,2013-06-23,213296.0,174
174,2013-06-24,143532.0,175
175,2013-06-25,129784.0,176
176,2013-06-26,126869.0,177
177,2013-06-27,110225.0,178
178,2013-06-28,130347.0,179
179,2013-06-29,216112.0,180
180,2013-06-30,235350.0,181
181,2013-07-01,198430.0,182
182,2013-07-02,173436.0,183
183,2013-07-03,165998.0,184
184,2013-07-04,141496.0,185
185,2013-07-05,145819.0,186
186,2013-07-06,204807.0,187
187,2013-07-07,220156.0,188
188,2013-07-08,162422.0,189
189,2013-07-09,137158.0,190
190,2013-07-10,136937.0,191
191,2013-07-11,119535.0,192
192,2013-07-12,126853.0,193
193,2013-07-13,181261.0,194
194,2013-07-14,190910.0,195
195,2013-07-15,155243.0,196
196,2013-07-16,148885.0,197
197,2013-07-17,141149.0,198
198,2013-07-18,123744.0,199
199,2013-07-19,128487.0,200
200,2013-07-20,184001.0,201
201,2013-07-21,191093.0,202
202,2013-07-22,151645.0,203
203,2013-07-23,138908.0,204
204,2013-07-24,133100.0,205
205,2013-07-25,125871.0,206
206,2013-07-26,129625.0,207
207,2013-07-27,175141.0,208
208,2013-07-28,186782.0,209
209,2013-07-29,144950.0,210
210,2013-07-30,138611.0,211
211,2013-07-31,159494.0,212
212,2013-08-01,177339.0,213
213,2013-08-02,167221.0,214
214,2013-08-03,226060.0,215
215,2013-08-04,229233.0,216
216,2013-08-05,184445.0,217
217,2013-08-06,160962.0,218
218,2013-08-07,155984.0,219
219,2013-08-08,135759.0,220
220,2013-08-09,136376.0,221
221,2013-08-10,188444.0,222
222,2013-08-11,188859.0,223
223,2013-08-12,155685.0,224
224,2013-08-13,138901.0,225
225,2013-08-14,145002.0,226
226,2013-08-15,136350.0,227
227,2013-08-16,150442.0,228
228,2013-08-17,189804.0,229
229,2013-08-18,203410.0,230
230,2013-08-19,158636.0,231
231,2013-08-20,151836.0,232
232,2013-08-21,148460.0,233
233,2013-08-22,131654.0,234
234,2013-08-23,135880.0,235
235,2013-08-24,175486.0,236
236,2013-08-25,190173.0,237
237,2013-08-26,152035.0,238
238,2013-08-27,136873.0,239
239,2013-08-28,136123.0,240
240,2013-08-29,123874.0,241
241,2013-08-30,143644.0,242
242,2013-08-31,222660.0,243
243,2013-09-01,281386.0,244
244,2013-09-02,202893.0,245
245,2013-09-03,174844.0,246
246,2013-09-04,171256.0,247
247,2013-09-05,141539.0,248
248,2013-09-06,135338.0,249
249,2013-09-07,217721.0,250
250,2013-09-08,242912.0,251
251,2013-09-09,167227.0,252
252,2013-09-10,132116.0,253
253,2013-09-11,135840.0,254
254,2013-09-12,117198.0,255
255,2013-09-13,126928.0,256
256,2013-09-14,195744.0,257
257,2013-09-15,227439.0,258
258,2013-09-16,160807.0,259
259,2013-09-17,138036.0,260
260,2013-09-18,134113.0,261
261,2013-09-19,116532.0,262
262,2013-09-20,131968.0,263
263,2013-09-21,189253.0,264
264,2013-09-22,209907.0,265
265,2013-09-23,150952.0,266
266,2013-09-24,126860.0,267
267,2013-09-25,127884.0,268
268,2013-09-26,109111.0,269
269,2013-09-27,125237.0,270
270,2013-09-28,200897.0,271
271,2013-09-29,223989.0,272
272,2013-09-30,163667.0,273
273,2013-10-01,195094.0,274
274,2013-10-02,183250.0,275
275,2013-10-03,147603.0,276
276,2013-10-04,154158.0,277
277,2013-10-05,230613.0,278
278,2013-10-06,239430.0,279
279,2013-10-07,163390.0,280
280,2013-10-08,139930.0,281
281,2013-10-09,135876.0,282
282,2013-10-10,124548.0,283
283,2013-10-11,157738.0,284
284,2013-10-12,180792.0,285
285,2013-10-13,210418.0,286
286,2013-10-14,149882.0,287
287,2013-10-15,131444.0,288
288,2013-10-16,156212.0,289
289,2013-10-17,137936.0,290
290,2013-10-18,129684.0,291
291,2013-10-19,206716.0,292
292,2013-10-20,232408.0,293
293,2013-10-21,152863.0,294
294,2013-10-22,132607.0,295
295,2013-10-23,139082.0,296
296,2013-10-24,116862.0,297
297,2013-10-25,125357.0,298
298,2013-10-26,189224.0,299
299,2013-10-27,221444.0,300
300,2013-10-28,150498.0,301
301,2013-10-29,129183.0,302
302,2013-10-30,136866.0,303
303,2013-10-31,129270.0,304
304,2013-11-01,173174.0,305
305,2013-11-02,234523.0,306
306,2013-11-03,265131.0,307
307,2013-11-04,189845.0,308
308,2013-11-05,163730.0,309
309,2013-11-06,159801.0,310
310,2013-11-07,144997.0,311
311,2013-11-08,134951.0,312
312,2013-11-09,204292.0,313
313,2013-11-10,236555.0,314
314,2013-11-11,148526.0,315
315,2013-11-12,173880.0,316
316,2013-11-13,132467.0,317
317,2013-11-14,110943.0,318
318,2013-11-15,130018.0,319
319,2013-11-16,204575.0,320
320,2013-11-17,231236.0,321
321,2013-11-18,161045.0,322
322,2013-11-19,132915.0,323
323,2013-11-20,142848.0,324
324,2013-11-21,115530.0,325
325,2013-11-22,127682.0,326
326,2013-11-23,190846.0,327
327,2013-11-24,223320.0,328
328,2013-11-25,148975.0,329
329,2013-11-26,132674.0,330
330,2013-11-27,140011.0,331
331,2013-11-28,117639.0,332
332,2013-11-29,137851.0,333
333,2013-11-30,217342.0,334
334,2013-12-01,286167.0,335
335,2013-12-02,216197.0,336
336,2013-12-03,183287.0,337
337,2013-12-04,187341.0,338
338,2013-12-05,167626.0,339
339,2013-12-06,167687.0,340
340,2013-12-07,214232.0,341
341,2013-12-08,241127.0,342
342,2013-12-09,194529.0,343
343,2013-12-10,179114.0,344
344,2013-12-11,187114.0,345
345,2013-12-12,170830.0,346
346,2013-12-13,173821.0,347
347,2013-12-14,224230.0,348
348,2013-12-15,264777.0,349
349,2013-12-16,231939.0,350
350,2013-12-17,213594.0,351
351,2013-12-18,231703.0,352
352,2013-12-19,216391.0,353
353,2013-12-20,226210.0,354
354,2013-12-21,268193.0,355
355,2013-12-22,281751.0,356
356,2013-12-23,326975.0,357
357,2013-12-24,253813.0,358
358,2013-12-26,180885.0,359
359,2013-12-27,170992.0,360
360,2013-12-28,200073.0,361
361,2013-12-29,186041.0,362
362,2013-12-30,233052.0,363
363,2013-12-31,172115.0,364
364,2014-01-01,2050.868,365
365,2014-01-02,213404.643,366
366,2014-01-03,179260.345,367
367,2014-01-04,251921.045,368
368,2014-01-05,256585.278,369
369,2014-01-06,166233.668,370
370,2014-01-07,151394.75,371
371,2014-01-08,157935.234,372
372,2014-01-09,128311.628,373
373,2014-01-10,144222.68600000002,374
374,2014-01-11,205520.956,375
375,2014-01-12,218941.17,376
376,2014-01-13,143755.51,377
377,2014-01-14,130313.373,378
378,2014-01-15,137684.135,379
379,2014-01-16,131886.694,380
380,2014-01-17,135357.916,381
381,2014-01-18,203627.372,382
382,2014-01-19,220564.226,383
383,2014-01-20,160243.638,384
384,2014-01-21,138798.936,385
385,2014-01-22,133569.332,386
386,2014-01-23,119643.67,387
387,2014-01-24,131311.083,388
388,2014-01-25,190358.156,389
389,2014-01-26,213715.651,390
390,2014-01-27,146502.09100000001,391
391,2014-01-28,126338.181,392
392,2014-01-29,126163.131,393
393,2014-01-30,123772.246,394
394,2014-01-31,148887.925,395
395,2014-02-01,256851.0,396
396,2014-02-02,248317.0,397
397,2014-02-03,190119.0,398
398,2014-02-04,164475.0,399
399,2014-02-05,163276.0,400
400,2014-02-06,140052.0,401
401,2014-02-07,144172.0,402
402,2014-02-08,203002.0,403
403,2014-02-09,204805.0,404
404,2014-02-10,157329.0,405
405,2014-02-11,141461.0,406
406,2014-02-12,150832.0,407
407,2014-02-13,136744.0,408
408,2014-02-14,134676.0,409
409,2014-02-15,199589.0,410
410,2014-02-16,228898.0,411
411,2014-02-17,159552.0,412
412,2014-02-18,142660.0,413
413,2014-02-19,137339.0,414
414,2014-02-20,122709.0,415
415,2014-02-21,138643.0,416
416,2014-02-22,206765.0,417
417,2014-02-23,189756.0,418
418,2014-02-24,160387.0,419
419,2014-02-25,144183.0,420
420,2014-02-26,137388.0,421
421,2014-02-27,128556.0,422
422,2014-02-28,157641.0,423
423,2014-03-01,256367.62,424
424,2014-03-02,187048.024,425
425,2014-03-03,167436.918,426
426,2014-03-04,202531.488,427
427,2014-03-05,200008.223,428
428,2014-03-06,172114.761,429
429,2014-03-07,165106.695,430
430,2014-03-08,210480.363,431
431,2014-03-09,256410.233,432
432,2014-03-10,164843.635,433
433,2014-03-11,147308.503,434
434,2014-03-12,145951.892,435
435,2014-03-13,127546.065,436
436,2014-03-14,142112.432,437
437,2014-03-15,200421.576,438
438,2014-03-16,252046.094,439
439,2014-03-17,169681.101,440
440,2014-03-18,146901.899,441
441,2014-03-19,150083.0,442
442,2014-03-20,137602.0,443
443,2014-03-21,145650.0,444
444,2014-03-22,208507.187,445
445,2014-03-23,224975.0,446
446,2014-03-24,156108.0,447
447,2014-03-25,151558.0,448
448,2014-03-26,143434.0,449
449,2014-03-27,127985.0,450
450,2014-03-28,139169.0,451
451,2014-03-29,224356.0,452
452,2014-03-30,238544.0,453
453,2014-03-31,184557.0,454
454,2014-04-01,201303.0,455
455,2014-04-02,189762.0,456
456,2014-04-03,157767.0,457
457,2014-04-04,159170.0,458
458,2014-04-05,242559.905,459
459,2014-04-06,252288.452,460
460,2014-04-07,172829.294,461
461,2014-04-08,151860.73,462
462,2014-04-09,149209.301,463
463,2014-04-10,131258.611,464
464,2014-04-11,139961.262,465
465,2014-04-12,199503.135,466
466,2014-04-13,209424.072,467
467,2014-04-14,152127.215,468
468,2014-04-15,147955.737,469
469,2014-04-16,167263.768,470
470,2014-04-17,157121.936,471
471,2014-04-18,146116.086,472
472,2014-04-19,189214.087,473
473,2014-04-20,207761.476,474
474,2014-04-21,157465.755,475
475,2014-04-22,152248.397,476
476,2014-04-23,144898.682,477
477,2014-04-24,124214.047,478
478,2014-04-25,129255.223,479
479,2014-04-26,191267.016,480
480,2014-04-27,221021.262,481
481,2014-04-28,143015.714,482
482,2014-04-29,127428.705,483
483,2014-04-30,140873.476,484
484,2014-05-01,214125.953,485
485,2014-05-02,173204.072,486
486,2014-05-03,246982.628,487
487,2014-05-04,262712.041,488
488,2014-05-05,173156.374,489
489,2014-05-06,157850.618,490
490,2014-05-07,157965.127,491
491,2014-05-08,135852.952,492
492,2014-05-09,143334.943,493
493,2014-05-10,223453.525,494
494,2014-05-11,179325.484,495
495,2014-05-12,159673.762,496
496,2014-05-13,143731.159,497
497,2014-05-14,142714.191,498
498,2014-05-15,135952.715,499
499,2014-05-16,143318.834,500
500,2014-05-17,209695.722,501
501,2014-05-18,257103.104,502
502,2014-05-19,155866.173,503
503,2014-05-20,146326.667,504
504,2014-05-21,142186.04,505
505,2014-05-22,121345.039,506
506,2014-05-23,129510.453,507
507,2014-05-24,198249.301,508
508,2014-05-25,230505.991,509
509,2014-05-26,150889.23,510
510,2014-05-27,132293.063,511
511,2014-05-28,135091.326,512
512,2014-05-29,131757.676,513
513,2014-05-30,140414.642,514
514,2014-05-31,241763.413,515
515,2014-06-01,306797.875,516
516,2014-06-02,215400.684,517
517,2014-06-03,186400.477,518
518,2014-06-04,171302.977,519
519,2014-06-05,143893.302,520
520,2014-06-06,148551.223,521
521,2014-06-07,220285.937,522
522,2014-06-08,251435.572,523
523,2014-06-09,168775.714,524
524,2014-06-10,141111.745,525
525,2014-06-11,150427.421,526
526,2014-06-12,132170.707,527
527,2014-06-13,142197.587,528
528,2014-06-14,233762.469,529
529,2014-06-15,174075.524,530
530,2014-06-16,178652.457,531
531,2014-06-17,150291.872,532
532,2014-06-18,146416.594,533
533,2014-06-19,126229.961,534
534,2014-06-20,132474.833,535
535,2014-06-21,206283.246,536
536,2014-06-22,234033.197,537
537,2014-06-23,171778.591,538
538,2014-06-24,136591.42,539
539,2014-06-25,138148.413,540
540,2014-06-26,122298.215,541
541,2014-06-27,136884.92,542
542,2014-06-28,197320.134,543
543,2014-06-29,224852.515,544
544,2014-06-30,174566.135,545
545,2014-07-01,211118.492,546
546,2014-07-02,207607.65,547
547,2014-07-03,166570.77,548
548,2014-07-04,163260.811,549
549,2014-07-05,232429.437,550
550,2014-07-06,259219.691,551
551,2014-07-07,182997.023,552
552,2014-07-08,156724.325,553
553,2014-07-09,147495.754,554
554,2014-07-10,137333.31,555
555,2014-07-11,142173.642,556
556,2014-07-12,200277.97,557
557,2014-07-13,198140.644,558
558,2014-07-14,160575.062,559
559,2014-07-15,155674.968,560
560,2014-07-16,160011.277,561
561,2014-07-17,134884.802,562
562,2014-07-18,142279.016,563
563,2014-07-19,195653.595,564
564,2014-07-20,209452.302,565
565,2014-07-21,165257.207,566
566,2014-07-22,143777.921,567
567,2014-07-23,147211.294,568
568,2014-07-24,130897.508,569
569,2014-07-25,158443.652,570
570,2014-07-26,183208.182,571
571,2014-07-27,200817.057,572
572,2014-07-28,159291.914,573
573,2014-07-29,139970.166,574
574,2014-07-30,144675.834,575
575,2014-07-31,148789.548,576
576,2014-08-01,194549.61,577
577,2014-08-02,250274.016,578
578,2014-08-03,256528.325,579
579,2014-08-04,194758.253,580
580,2014-08-05,172059.73,581
581,2014-08-06,163604.009,582
582,2014-08-07,141737.985,583
583,2014-08-08,148536.77,584
584,2014-08-09,191434.413,585
585,2014-08-10,204078.19,586
586,2014-08-11,165159.469,587
587,2014-08-12,144019.722,588
588,2014-08-13,148610.492,589
589,2014-08-14,134948.444,590
590,2014-08-15,150539.454,591
591,2014-08-16,209292.373,592
592,2014-08-17,228234.287,593
593,2014-08-18,178067.659,594
594,2014-08-19,154376.857,595
595,2014-08-20,160558.199,596
596,2014-08-21,139609.271,597
597,2014-08-22,144489.072,598
598,2014-08-23,192693.08,599
599,2014-08-24,207980.619,600
600,2014-08-25,170413.086,601
601,2014-08-26,141621.936,602
602,2014-08-27,145863.19,603
603,2014-08-28,128539.715,604
604,2014-08-29,150088.984,605
605,2014-08-30,228368.906,606
606,2014-08-31,262205.2,607
607,2014-09-01,232282.442,608
608,2014-09-02,202188.969,609
609,2014-09-03,188844.247,610
610,2014-09-04,153925.905,611
611,2014-09-05,162324.31,612
612,2014-09-06,235002.0,613
613,2014-09-07,273031.833,614
614,2014-09-08,182036.523,615
615,2014-09-09,152091.237,616
616,2014-09-10,152450.547,617
617,2014-09-11,131443.119,618
618,2014-09-12,146642.961,619
619,2014-09-13,211011.835,620
620,2014-09-14,238522.445,621
621,2014-09-15,172886.317,622
622,2014-09-16,164652.064,623
623,2014-09-17,151873.786,624
624,2014-09-18,127511.437,625
625,2014-09-19,140880.073,626
626,2014-09-20,214422.309,627
627,2014-09-21,239885.42,628
628,2014-09-22,158563.777,629
629,2014-09-23,150617.636,630
630,2014-09-24,145839.38999999998,631
631,2014-09-25,123486.04,632
632,2014-09-26,132717.73,633
633,2014-09-27,205203.754,634
634,2014-09-28,234939.57,635
635,2014-09-29,156842.564,636
636,2014-09-30,166144.112,637
637,2014-10-01,210338.635,638
638,2014-10-02,183239.508,639
639,2014-10-03,184117.984,640
640,2014-10-04,261196.91999999998,641
641,2014-10-05,271484.452,642
642,2014-10-06,180661.445,643
643,2014-10-07,162944.524,644
644,2014-10-08,169377.365,645
645,2014-10-09,139604.762,646
646,2014-10-10,189613.651,647
647,2014-10-11,207148.19,648
648,2014-10-12,232021.389,649
649,2014-10-13,166249.786,650
650,2014-10-14,146941.445,651
651,2014-10-15,157706.438,652
652,2014-10-16,147783.531,653
653,2014-10-17,144721.777,654
654,2014-10-18,222195.183,655
655,2014-10-19,253396.198,656
656,2014-10-20,170413.08,657
657,2014-10-21,146239.769,658
658,2014-10-22,146106.913,659
659,2014-10-23,134994.055,660
660,2014-10-24,137916.43,661
661,2014-10-25,207274.215,662
662,2014-10-26,242157.706,663
663,2014-10-27,157552.223,664
664,2014-10-28,140708.182,665
665,2014-10-29,144904.07,666
666,2014-10-30,128963.476,667
667,2014-10-31,156894.079,668
668,2014-11-01,254523.772,669
669,2014-11-02,203896.842,670
670,2014-11-03,279290.08,671
671,2014-11-04,196242.055,672
672,2014-11-05,192031.492,673
673,2014-11-06,156729.929,674
674,2014-11-07,158240.897,675
675,2014-11-08,225631.293,676
676,2014-11-09,262113.547,677
677,2014-11-10,168551.84,678
678,2014-11-11,152839.58,679
679,2014-11-12,152588.96,680
680,2014-11-13,127547.476,681
681,2014-11-14,148903.502,682
682,2014-11-15,215316.373,683
683,2014-11-16,262897.356,684
684,2014-11-17,172156.436,685
685,2014-11-18,151923.263,686
686,2014-11-19,153757.66,687
687,2014-11-20,140895.991,688
688,2014-11-21,157390.9,689
689,2014-11-22,206783.467,690
690,2014-11-23,252159.162,691
691,2014-11-24,178736.632,692
692,2014-11-25,152522.326,693
693,2014-11-26,150021.158,694
694,2014-11-27,137306.796,695
695,2014-11-28,152752.862,696
696,2014-11-29,247310.023,697
697,2014-11-30,296472.545,698
698,2014-12-01,256739.106,699
699,2014-12-02,229001.589,700
700,2014-12-03,206374.63999999998,701
701,2014-12-04,177516.81100000002,702
702,2014-12-05,189880.801,703
703,2014-12-06,244068.692,704
704,2014-12-07,297920.752,705
705,2014-12-08,283360.531,706
706,2014-12-09,216729.76,707
707,2014-12-10,243304.58000000002,708
708,2014-12-11,180672.168,709
709,2014-12-12,195975.575,710
710,2014-12-13,259350.307,711
711,2014-12-14,296407.12,712
712,2014-12-15,262157.837,713
713,2014-12-16,289587.716,714
714,2014-12-17,240130.712,715
715,2014-12-18,252697.639,716
716,2014-12-19,241662.062,717
717,2014-12-20,293856.171,718
718,2014-12-21,322799.869,719
719,2014-12-22,329471.761,720
720,2014-12-23,357665.078,721
721,2014-12-24,297332.638,722
722,2014-12-26,247370.267,723
723,2014-12-27,201440.019,724
724,2014-12-28,193133.453,725
725,2014-12-29,211201.195,726
726,2014-12-30,241128.855,727
727,2014-12-31,206517.441,728
728,2015-01-01,3125.0,729
729,2015-01-02,245045.337,730
730,2015-01-03,242694.753,731
731,2015-01-04,281467.988,732
732,2015-01-05,225516.495,733
733,2015-01-06,183796.494,734
734,2015-01-07,190431.802,735
735,2015-01-08,152895.354,736
736,2015-01-09,154820.443,737
737,2015-01-10,205914.659,738
738,2015-01-11,256980.176,739
739,2015-01-12,164664.589,740
740,2015-01-13,146325.397,741
741,2015-01-14,145297.135,742
742,2015-01-15,133404.024,743
743,2015-01-16,146869.574,744
744,2015-01-17,228093.182,745
745,2015-01-18,255311.337,746
746,2015-01-19,170050.405,747
747,2015-01-20,156110.283,748
748,2015-01-21,156069.895,749
749,2015-01-22,136775.237,750
750,2015-01-23,151016.786,751
751,2015-01-24,219027.085,752
752,2015-01-25,235597.166,753
753,2015-01-26,158602.944,754
754,2015-01-27,137455.463,755
755,2015-01-28,141831.882,756
756,2015-01-29,128024.548,757
757,2015-01-30,156411.67,758
758,2015-01-31,248177.476,759
759,2015-02-01,322209.277,760
760,2015-02-02,216169.954,761
761,2015-02-03,186747.715,762
762,2015-02-04,176822.579,763
763,2015-02-05,154557.487,764
764,2015-02-06,157048.207,765
765,2015-02-07,229188.483,766
766,2015-02-08,244598.635,767
767,2015-02-09,182590.533,768
768,2015-02-10,156580.066,769
769,2015-02-11,156498.351,770
770,2015-02-12,148560.357,771
771,2015-02-13,181270.135,772
772,2015-02-14,207140.818,773
773,2015-02-15,159705.413,774
774,2015-02-16,152859.071,775
775,2015-02-17,182242.01,776
776,2015-02-18,193705.531,777
777,2015-02-19,173733.524,778
778,2015-02-20,181911.508,779
779,2015-02-21,216911.094,780
780,2015-02-22,266944.007,781
781,2015-02-23,177592.818,782
782,2015-02-24,160180.866,783
783,2015-02-25,153616.62,784
784,2015-02-26,134189.587,785
785,2015-02-27,162848.152,786
786,2015-02-28,248033.087,787
787,2015-03-01,331389.762,788
788,2015-03-02,219586.628,789
789,2015-03-03,197658.689,790
790,2015-03-04,191024.683,791
791,2015-03-05,164628.436,792
792,2015-03-06,170777.912,793
793,2015-03-07,253244.349,794
794,2015-03-08,259121.929,795
795,2015-03-09,191069.84100000001,796
796,2015-03-10,182950.254,797
797,2015-03-11,165257.651,798
798,2015-03-12,148104.89,799
799,2015-03-13,160870.571,800
800,2015-03-14,237031.183,801
801,2015-03-15,261409.549,802
802,2015-03-16,185988.03,803
803,2015-03-17,168122.935,804
804,2015-03-18,162192.898,805
805,2015-03-19,146201.015,806
806,2015-03-20,179741.725,807
807,2015-03-21,242551.206,808
808,2015-03-22,255240.134,809
809,2015-03-23,185168.658,810
810,2015-03-24,165856.095,811
811,2015-03-25,162911.69,812
812,2015-03-26,143132.866,813
813,2015-03-27,162282.692,814
814,2015-03-28,230076.009,815
815,2015-03-29,260681.794,816
816,2015-03-30,180880.057,817
817,2015-03-31,184738.814,818
818,2015-04-01,232847.405,819
819,2015-04-02,211871.603,820
820,2015-04-03,196734.626,821
821,2015-04-04,256513.49300000002,822
822,2015-04-05,263680.072,823
823,2015-04-06,207987.493,824
824,2015-04-07,181837.975,825
825,2015-04-08,187419.366,826
826,2015-04-09,151907.571,827
827,2015-04-10,161005.293,828
828,2015-04-11,228378.698,829
829,2015-04-12,255796.74,830
830,2015-04-13,175646.771,831
831,2015-04-14,162207.786,832
832,2015-04-15,173006.826,833
833,2015-04-16,162993.238,834
834,2015-04-17,169448.603,835
835,2015-04-18,238763.281,836
836,2015-04-19,267386.763,837
837,2015-04-20,191003.335,838
838,2015-04-21,168696.603,839
839,2015-04-22,162872.983,840
840,2015-04-23,148636.952,841
841,2015-04-24,156742.763,842
842,2015-04-25,220235.349,843
843,2015-04-26,240327.143,844
844,2015-04-27,163064.675,845
845,2015-04-28,145976.658,846
846,2015-04-29,149976.626,847
847,2015-04-30,162435.039,848
848,2015-05-01,259077.491,849
849,2015-05-02,276902.81,850
850,2015-05-03,297966.859,851
851,2015-05-04,218378.546,852
852,2015-05-05,198118.46,853
853,2015-05-06,195910.238,854
854,2015-05-07,165449.144,855
855,2015-05-08,172985.113,856
856,2015-05-09,259992.975,857
857,2015-05-10,206724.41999999998,858
858,2015-05-11,191499.08,859
859,2015-05-12,165119.674,860
860,2015-05-13,159743.46,861
861,2015-05-14,139671.848,862
862,2015-05-15,170752.936,863
863,2015-05-16,255112.214,864
864,2015-05-17,289395.68200000003,865
865,2015-05-18,181312.817,866
866,2015-05-19,162110.127,867
867,2015-05-20,170327.635,868
868,2015-05-21,150069.802,869
869,2015-05-22,153411.168,870
870,2015-05-23,234771.618,871
871,2015-05-24,264318.525,872
872,2015-05-25,174048.198,873
873,2015-05-26,152932.952,874
874,2015-05-27,155632.078,875
875,2015-05-28,140115.033,876
876,2015-05-29,180328.181,877
877,2015-05-30,285812.716,878
878,2015-05-31,345804.68200000003,879
879,2015-06-01,240045.134,880
880,2015-06-02,216953.905,881
881,2015-06-03,200619.96,882
882,2015-06-04,171731.817,883
883,2015-06-05,177177.366,884
884,2015-06-06,254754.738,885
885,2015-06-07,299787.413,886
886,2015-06-08,197175.062,887
887,2015-06-09,172370.166,888
888,2015-06-10,165412.586,889
889,2015-06-11,137494.046,890
890,2015-06-12,156527.644,891
891,2015-06-13,227296.65899999999,892
892,2015-06-14,262870.546,893
893,2015-06-15,180145.231,894
894,2015-06-16,183310.603,895
895,2015-06-17,169991.914,896
896,2015-06-18,148958.904,897
897,2015-06-19,166846.158,898
898,2015-06-20,247911.135,899
899,2015-06-21,211947.96,900
900,2015-06-22,192965.976,901
901,2015-06-23,173364.278,902
902,2015-06-24,163082.842,903
903,2015-06-25,140169.208,904
904,2015-06-26,152699.079,905
905,2015-06-27,222791.096,906
906,2015-06-28,262815.985,907
907,2015-06-29,171486.523,908
908,2015-06-30,186557.54,909
909,2015-07-01,245410.095,910
910,2015-07-02,204435.0,911
911,2015-07-03,209391.215,912
912,2015-07-04,291750.531,913
913,2015-07-05,283927.351,914
914,2015-07-06,223417.047,915
915,2015-07-07,193016.525,916
916,2015-07-08,196614.342,917
917,2015-07-09,171146.667,918
918,2015-07-10,174596.214,919
919,2015-07-11,221858.944,920
920,2015-07-12,251266.732,921
921,2015-07-13,181603.563,922
922,2015-07-14,164514.262,923
923,2015-07-15,174237.801,924
924,2015-07-16,165652.515,925
925,2015-07-17,176525.57,926
926,2015-07-18,231607.333,927
927,2015-07-19,250653.532,928
928,2015-07-20,195151.691,929
929,2015-07-21,171116.69,930
930,2015-07-22,166557.221,931
931,2015-07-23,154131.57200000001,932
932,2015-07-24,171010.769,933
933,2015-07-25,219129.332,934
934,2015-07-26,243256.484,935
935,2015-07-27,183082.723,936
936,2015-07-28,164466.755,937
937,2015-07-29,162269.064,938
938,2015-07-30,154272.318,939
939,2015-07-31,198189.444,940
940,2015-08-01,313286.902,941
941,2015-08-02,310539.311,942
942,2015-08-03,239833.199,943
943,2015-08-04,210061.041,944
944,2015-08-05,197778.866,945
945,2015-08-06,169316.263,946
946,2015-08-07,183246.191,947
947,2015-08-08,222473.985,948
948,2015-08-09,196120.485,949
949,2015-08-10,225163.404,950
950,2015-08-11,190475.889,951
951,2015-08-12,178916.517,952
952,2015-08-13,158137.523,953
953,2015-08-14,214621.183,954
954,2015-08-15,280491.477,955
955,2015-08-16,266657.285,956
956,2015-08-17,205150.612,957
957,2015-08-18,181016.014,958
958,2015-08-19,178550.626,959
959,2015-08-20,164488.009,960
960,2015-08-21,178782.938,961
961,2015-08-22,223473.238,962
962,2015-08-23,243960.112,963
963,2015-08-24,193495.072,964
964,2015-08-25,177455.627,965
965,2015-08-26,169356.366,966
966,2015-08-27,158149.191,967
967,2015-08-28,170362.516,968
968,2015-08-29,247850.507,969
969,2015-08-30,278712.112,970
970,2015-08-31,230275.514,971
971,2015-09-01,270499.49,972
972,2015-09-02,245231.05,973
973,2015-09-03,210494.676,974
974,2015-09-04,205591.187,975
975,2015-09-05,300484.444,976
976,2015-09-06,329609.528,977
977,2015-09-07,219561.581,978
978,2015-09-08,191848.293,979
979,2015-09-09,188220.482,980
980,2015-09-10,162423.037,981
981,2015-09-11,172460.212,982
982,2015-09-12,254393.549,983
983,2015-09-13,281443.496,984
984,2015-09-14,190499.348,985
985,2015-09-15,190057.826,986
986,2015-09-16,195725.615,987
987,2015-09-17,167466.165,988
988,2015-09-18,175242.737,989
989,2015-09-19,262012.87900000002,990
990,2015-09-20,286247.781,991
991,2015-09-21,203434.068,992
992,2015-09-22,177503.527,993
993,2015-09-23,179647.413,994
994,2015-09-24,154976.789,995
995,2015-09-25,169884.701,996
996,2015-09-26,240802.707,997
997,2015-09-27,274214.751,998
998,2015-09-28,180110.13,999
999,2015-09-29,163210.316,1000
1000,2015-09-30,189052.631,1001
1001,2015-10-01,248701.812,1002
1002,2015-10-02,245153.329,1003
1003,2015-10-03,360545.262,1004
1004,2015-10-04,377564.83400000003,1005
1005,2015-10-05,248414.7,1006
1006,2015-10-06,207081.421,1007
1007,2015-10-07,200058.988,1008
1008,2015-10-08,177734.963,1009
1009,2015-10-09,252358.647,1010
1010,2015-10-10,253686.158,1011
1011,2015-10-11,287912.85,1012
1012,2015-10-12,205507.766,1013
1013,2015-10-13,166596.174,1014
1014,2015-10-14,188272.939,1015
1015,2015-10-15,170174.248,1016
1016,2015-10-16,195648.954,1017
1017,2015-10-17,280530.377,1018
1018,2015-10-18,312644.61699999997,1019
1019,2015-10-19,203594.256,1020
1020,2015-10-20,191511.262,1021
1021,2015-10-21,179785.03,1022
1022,2015-10-22,162364.692,1023
1023,2015-10-23,177102.068,1024
1024,2015-10-24,244223.171,1025
1025,2015-10-25,292532.473,1026
1026,2015-10-26,187140.097,1027
1027,2015-10-27,181811.45,1028
1028,2015-10-28,163936.873,1029
1029,2015-10-29,155256.371,1030
1030,2015-10-30,184025.813,1031
1031,2015-10-31,283224.663,1032
1032,2015-11-01,256824.33,1033
1033,2015-11-02,232887.607,1034
1034,2015-11-03,312993.707,1035
1035,2015-11-04,243346.024,1036
1036,2015-11-05,193999.069,1037
1037,2015-11-06,192626.271,1038
1038,2015-11-07,285216.557,1039
1039,2015-11-08,322893.759,1040
1040,2015-11-09,203194.57,1041
1041,2015-11-10,180978.383,1042
1042,2015-11-11,204942.683,1043
1043,2015-11-12,146715.346,1044
1044,2015-11-13,173780.904,1045
1045,2015-11-14,250551.654,1046
1046,2015-11-15,308839.368,1047
1047,2015-11-16,209877.564,1048
1048,2015-11-17,181719.796,1049
1049,2015-11-18,187024.692,1050
1050,2015-11-19,166160.78399999999,1051
1051,2015-11-20,188848.715,1052
1052,2015-11-21,248790.57200000001,1053
1053,2015-11-22,293519.172,1054
1054,2015-11-23,212547.451,1055
1055,2015-11-24,176703.127,1056
1056,2015-11-25,177450.623,1057
1057,2015-11-26,153487.728,1058
1058,2015-11-27,187519.365,1059
1059,2015-11-28,247041.302,1060
1060,2015-11-29,313506.061,1061
1061,2015-11-30,233626.427,1062
1062,2015-12-01,272375.783,1063
1063,2015-12-02,265057.075,1064
1064,2015-12-03,213517.332,1065
1065,2015-12-04,243074.58000000002,1066
1066,2015-12-05,293218.406,1067
1067,2015-12-06,344198.986,1068
1068,2015-12-07,266322.762,1069
1069,2015-12-08,218271.373,1070
1070,2015-12-09,216034.13,1071
1071,2015-12-10,228638.516,1072
1072,2015-12-11,210971.007,1073
1073,2015-12-12,277815.188,1074
1074,2015-12-13,327242.042,1075
1075,2015-12-14,280831.388,1076
1076,2015-12-15,247077.766,1077
1077,2015-12-16,267490.004,1078
1078,2015-12-17,280533.962,1079
1079,2015-12-18,308668.201,1080
1080,2015-12-19,331152.939,1081
1081,2015-12-20,361094.281,1082
1082,2015-12-21,337289.325,1083
1083,2015-12-22,362154.403,1084
1084,2015-12-23,367851.184,1085
1085,2015-12-24,341425.748,1086
1086,2015-12-26,268798.225,1087
1087,2015-12-27,237820.279,1088
1088,2015-12-28,223897.335,1089
1089,2015-12-29,239270.182,1090
1090,2015-12-30,273100.393,1091
1091,2015-12-31,249215.56,1092
1092,2016-01-01,3247.0,1093
1093,2016-01-02,309417.194,1094
1094,2016-01-03,347681.912,1095
1095,2016-01-04,272978.806,1096
1096,2016-01-05,234212.722,1097
1097,2016-01-06,220632.777,1098
1098,2016-01-07,183343.476,1099
1099,2016-01-08,194604.367,1100
1100,2016-01-09,277982.051,1101
1101,2016-01-10,310926.818,1102
1102,2016-01-11,201072.649,1103
1103,2016-01-12,181032.288,1104
1104,2016-01-13,174299.275,1105
1105,2016-01-14,156517.984,1106
1106,2016-01-15,179900.482,1107
1107,2016-01-16,262108.866,1108
1108,2016-01-17,296780.623,1109
1109,2016-01-18,199216.618,1110
1110,2016-01-19,176148.616,1111
1111,2016-01-20,202818.498,1112
1112,2016-01-21,154029.367,1113
1113,2016-01-22,171250.134,1114
1114,2016-01-23,250648.18099999998,1115
1115,2016-01-24,269822.866,1116
1116,2016-01-25,183926.533,1117
1117,2016-01-26,167851.858,1118
1118,2016-01-27,167202.089,1119
1119,2016-01-28,147342.729,1120
1120,2016-01-29,182896.50400000002,1121
1121,2016-01-30,282682.646,1122
1122,2016-01-31,316827.105,1123
1123,2016-02-01,262715.744,1124
1124,2016-02-02,226869.889,1125
1125,2016-02-03,218438.255,1126
1126,2016-02-04,189314.288,1127
1127,2016-02-05,212188.512,1128
1128,2016-02-06,270244.338,1129
1129,2016-02-07,196975.541,1130
1130,2016-02-08,179694.609,1131
1131,2016-02-09,213773.579,1132
1132,2016-02-10,221570.756,1133
1133,2016-02-11,194112.377,1134
1134,2016-02-12,203111.89,1135
1135,2016-02-13,253712.534,1136
1136,2016-02-14,274389.572,1137
1137,2016-02-15,216906.481,1138
1138,2016-02-16,208609.541,1139
1139,2016-02-17,197609.707,1140
1140,2016-02-18,164390.699,1141
1141,2016-02-19,184538.157,1142
1142,2016-02-20,251560.286,1143
1143,2016-02-21,284126.734,1144
1144,2016-02-22,204008.43,1145
1145,2016-02-23,186082.85,1146
1146,2016-02-24,182948.03,1147
1147,2016-02-25,162385.525,1148
1148,2016-02-26,175730.956,1149
1149,2016-02-27,262987.933,1150
1150,2016-02-28,288013.308,1151
1151,2016-02-29,215583.564,1152
1152,2016-03-01,281908.06,1153
1153,2016-03-02,261201.044,1154
1154,2016-03-03,210149.586,1155
1155,2016-03-04,217479.873,1156
1156,2016-03-05,310035.22,1157
1157,2016-03-06,321403.911,1158
1158,2016-03-07,227335.73,1159
1159,2016-03-08,191799.819,1160
1160,2016-03-09,189025.518,1161
1161,2016-03-10,170078.721,1162
1162,2016-03-11,185561.196,1163
1163,2016-03-12,260840.698,1164
1164,2016-03-13,277080.813,1165
1165,2016-03-14,195250.187,1166
1166,2016-03-15,194401.932,1167
1167,2016-03-16,203217.46,1168
1168,2016-03-17,171098.721,1169
1169,2016-03-18,186072.919,1170
1170,2016-03-19,258009.331,1171
1171,2016-03-20,268138.842,1172
1172,2016-03-21,205495.301,1173
1173,2016-03-22,180395.586,1174
1174,2016-03-23,201357.405,1175
1175,2016-03-24,193502.016,1176
1176,2016-03-25,175260.391,1177
1177,2016-03-26,228098.999,1178
1178,2016-03-27,236363.068,1179
1179,2016-03-28,187080.173,1180
1180,2016-03-29,170623.586,1181
1181,2016-03-30,177508.797,1182
1182,2016-03-31,181818.285,1183
1183,2016-04-01,264279.91599999997,1184
1184,2016-04-02,359878.225,1185
1185,2016-04-03,392994.414,1186
1186,2016-04-04,247443.082,1187
1187,2016-04-05,220949.001,1188
1188,2016-04-06,215699.211,1189
1189,2016-04-07,175785.098,1190
1190,2016-04-08,192404.955,1191
1191,2016-04-09,274315.641,1192
1192,2016-04-10,297001.111,1193
1193,2016-04-11,196110.698,1194
1194,2016-04-12,194133.805,1195
1195,2016-04-13,187170.338,1196
1196,2016-04-14,160391.858,1197
1197,2016-04-15,190298.324,1198
1198,2016-04-16,255095.579,1199
1199,2016-04-17,456372.94,1200
1200,2016-04-18,583222.48,1201
1201,2016-04-19,432782.685,1202
1202,2016-04-20,368663.09,1203
1203,2016-04-21,438060.072,1204
1204,2016-04-22,296335.113,1205
1205,2016-04-23,326432.713,1206
1206,2016-04-24,320549.743,1207
1207,2016-04-25,208363.828,1208
1208,2016-04-26,255922.632,1209
1209,2016-04-27,185792.421,1210
1210,2016-04-28,168068.753,1211
1211,2016-04-29,209276.783,1212
1212,2016-04-30,334747.624,1213
1213,2016-05-01,396734.931,1214
1214,2016-05-02,388655.729,1215
1215,2016-05-03,245255.931,1216
1216,2016-05-04,231889.406,1217
1217,2016-05-05,201917.065,1218
1218,2016-05-06,217377.828,1219
1219,2016-05-07,314144.969,1220
1220,2016-05-08,241711.586,1221
1221,2016-05-09,231751.797,1222
1222,2016-05-10,201814.354,1223
1223,2016-05-11,200429.819,1224
1224,2016-05-12,188538.423,1225
1225,2016-05-13,186155.955,1226
1226,2016-05-14,273155.955,1227
1227,2016-05-15,309885.173,1228
1228,2016-05-16,216245.122,1229
1229,2016-05-17,191060.73,1230
1230,2016-05-18,182586.488,1231
1231,2016-05-19,170046.0,1232
1232,2016-05-20,203102.519,1233
1233,2016-05-21,265413.271,1234
1234,2016-05-22,297504.473,1235
1235,2016-05-23,204000.526,1236
1236,2016-05-24,176731.294,1237
1237,2016-05-25,176417.564,1238
1238,2016-05-26,169389.625,1239
1239,2016-05-27,250266.487,1240
1240,2016-05-28,248640.541,1241
1241,2016-05-29,292585.044,1242
1242,2016-05-30,233479.228,1243
1243,2016-05-31,322106.164,1244
1244,2016-06-01,250838.519,1245
1245,2016-06-02,220441.886,1246
1246,2016-06-03,227693.214,1247
1247,2016-06-04,320767.826,1248
1248,2016-06-05,350095.984,1249
1249,2016-06-06,229653.638,1250
1250,2016-06-07,200907.81,1251
1251,2016-06-08,202898.856,1252
1252,2016-06-09,168121.474,1253
1253,2016-06-10,187708.535,1254
1254,2016-06-11,254645.421,1255
1255,2016-06-12,281858.083,1256
1256,2016-06-13,208204.918,1257
1257,2016-06-14,181913.841,1258
1258,2016-06-15,199789.947,1259
1259,2016-06-16,190493.984,1260
1260,2016-06-17,228070.904,1261
1261,2016-06-18,285047.428,1262
1262,2016-06-19,241542.497,1263
1263,2016-06-20,221944.314,1264
1264,2016-06-21,195091.857,1265
1265,2016-06-22,187238.685,1266
1266,2016-06-23,166914.986,1267
1267,2016-06-24,182702.723,1268
1268,2016-06-25,247566.968,1269
1269,2016-06-26,277241.879,1270
1270,2016-06-27,215076.61,1271
1271,2016-06-28,171104.94,1272
1272,2016-06-29,171586.91,1273
1273,2016-06-30,163818.167,1274
1274,2016-07-01,255760.699,1275
1275,2016-07-02,334946.369,1276
1276,2016-07-03,344155.743,1277
1277,2016-07-04,282466.988,1278
1278,2016-07-05,221474.81,1279
1279,2016-07-06,216890.038,1280
1280,2016-07-07,179363.573,1281
1281,2016-07-08,195270.97,1282
1282,2016-07-09,254903.075,1283
1283,2016-07-10,272714.89400000003,1284
1284,2016-07-11,201102.414,1285
1285,2016-07-12,181702.174,1286
1286,2016-07-13,173891.151,1287
1287,2016-07-14,159965.624,1288
1288,2016-07-15,191860.969,1289
1289,2016-07-16,262718.623,1290
1290,2016-07-17,276929.481,1291
1291,2016-07-18,209950.384,1292
1292,2016-07-19,186922.796,1293
1293,2016-07-20,196880.731,1294
1294,2016-07-21,182387.153,1295
1295,2016-07-22,184784.031,1296
1296,2016-07-23,242640.796,1297
1297,2016-07-24,249064.656,1298
1298,2016-07-25,206929.182,1299
1299,2016-07-26,186028.707,1300
1300,2016-07-27,179774.338,1301
1301,2016-07-28,156665.984,1302
1302,2016-07-29,195220.548,1303
1303,2016-07-30,279494.549,1304
1304,2016-07-31,307874.225,1305
1305,2016-08-01,287706.632,1306
1306,2016-08-02,246720.513,1307
1307,2016-08-03,234551.91700000002,1308
1308,2016-08-04,191749.616,1309
1309,2016-08-05,200934.495,1310
1310,2016-08-06,256030.195,1311
1311,2016-08-07,267916.902,1312
1312,2016-08-08,212254.549,1313
1313,2016-08-09,183625.143,1314
1314,2016-08-10,183366.316,1315
1315,2016-08-11,174516.511,1316
1316,2016-08-12,211558.782,1317
1317,2016-08-13,204230.113,1318
1318,2016-08-14,217862.006,1319
1319,2016-08-15,209894.309,1320
1320,2016-08-16,214910.844,1321
1321,2016-08-17,200585.429,1322
1322,2016-08-18,169873.133,1323
1323,2016-08-19,189593.805,1324
1324,2016-08-20,238124.092,1325
1325,2016-08-21,256910.234,1326
1326,2016-08-22,208539.744,1327
1327,2016-08-23,189743.45,1328
1328,2016-08-24,183629.338,1329
1329,2016-08-25,160226.12900000002,1330
1330,2016-08-26,177844.789,1331
1331,2016-08-27,226705.497,1332
1332,2016-08-28,243416.113,1333
1333,2016-08-29,193011.781,1334
1334,2016-08-30,178158.766,1335
1335,2016-08-31,209312.586,1336
1336,2016-09-01,224855.405,1337
1337,2016-09-02,246898.196,1338
1338,2016-09-03,319453.549,1339
1339,2016-09-04,331800.452,1340
1340,2016-09-05,244673.66,1341
1341,2016-09-06,221549.465,1342
1342,2016-09-07,206077.526,1343
1343,2016-09-08,176583.137,1344
1344,2016-09-09,184969.668,1345
1345,2016-09-10,266900.669,1346
1346,2016-09-11,297666.174,1347
1347,2016-09-12,198351.158,1348
1348,2016-09-13,175934.812,1349
1349,2016-09-14,170787.774,1350
1350,2016-09-15,168851.383,1351
1351,2016-09-16,193851.791,1352
1352,2016-09-17,262554.474,1353
1353,2016-09-18,298820.0,1354
1354,2016-09-19,201940.015,1355
1355,2016-09-20,189259.548,1356
1356,2016-09-21,183985.564,1357
1357,2016-09-22,157583.834,1358
1358,2016-09-23,185657.64,1359
1359,2016-09-24,250405.729,1360
1360,2016-09-25,273407.067,1361
1361,2016-09-26,195676.136,1362
1362,2016-09-27,171192.631,1363
1363,2016-09-28,171837.571,1364
1364,2016-09-29,153914.398,1365
1365,2016-09-30,204209.586,1366
1366,2016-10-01,376487.399,1367
1367,2016-10-02,392774.819,1368
1368,2016-10-03,259260.663,1369
1369,2016-10-04,227062.232,1370
1370,2016-10-05,220673.751,1371
1371,2016-10-06,179258.097,1372
1372,2016-10-07,207228.722,1373
1373,2016-10-08,283341.173,1374
1374,2016-10-09,328798.61,1375
1375,2016-10-10,218986.451,1376
1376,2016-10-11,184607.781,1377
1377,2016-10-12,184546.728,1378
1378,2016-10-13,165917.54,1379
1379,2016-10-14,187897.631,1380
1380,2016-10-15,267296.737,1381
1381,2016-10-16,328004.322,1382
1382,2016-10-17,211547.87,1383
1383,2016-10-18,188088.864,1384
1384,2016-10-19,180780.167,1385
1385,2016-10-20,172086.821,1386
1386,2016-10-21,184723.541,1387
1387,2016-10-22,248149.917,1388
1388,2016-10-23,299180.504,1389
1389,2016-10-24,198551.225,1390
1390,2016-10-25,178507.736,1391
1391,2016-10-26,170707.0,1392
1392,2016-10-27,161035.113,1393
1393,2016-10-28,180171.818,1394
1394,2016-10-29,248688.609,1395
1395,2016-10-30,282533.016,1396
1396,2016-10-31,199818.887,1397
1397,2016-11-01,252354.113,1398
1398,2016-11-02,294122.549,1399
1399,2016-11-03,245076.593,1400
1400,2016-11-04,256548.526,1401
1401,2016-11-05,275166.218,1402
1402,2016-11-06,351095.489,1403
1403,2016-11-07,250798.331,1404
1404,2016-11-08,226945.098,1405
1405,2016-11-09,224668.166,1406
1406,2016-11-10,176812.224,1407
1407,2016-11-11,205336.269,1408
1408,2016-11-12,276217.866,1409
1409,2016-11-13,345032.878,1410
1410,2016-11-14,219897.376,1411
1411,2016-11-15,202823.317,1412
1412,2016-11-16,235505.27,1413
1413,2016-11-17,189332.719,1414
1414,2016-11-18,218481.841,1415
1415,2016-11-19,281438.088,1416
1416,2016-11-20,334426.044,1417
1417,2016-11-21,231283.925,1418
1418,2016-11-22,208830.983,1419
1419,2016-11-23,214367.837,1420
1420,2016-11-24,181074.162,1421
1421,2016-11-25,211344.729,1422
1422,2016-11-26,267974.986,1423
1423,2016-11-27,308257.897,1424
1424,2016-11-28,222589.643,1425
1425,2016-11-29,193324.333,1426
1426,2016-11-30,221747.168,1427
1427,2016-12-01,289689.792,1428
1428,2016-12-02,263266.533,1429
1429,2016-12-03,354348.142,1430
1430,2016-12-04,398378.733,1431
1431,2016-12-05,307665.714,1432
1432,2016-12-06,291190.488,1433
1433,2016-12-07,266602.07,1434
1434,2016-12-08,222288.266,1435
1435,2016-12-09,235245.91,1436
1436,2016-12-10,288835.971,1437
1437,2016-12-11,350255.704,1438
1438,2016-12-12,301380.004,1439
1439,2016-12-13,248243.757,1440
1440,2016-12-14,267589.502,1441
1441,2016-12-15,255609.61800000002,1442
1442,2016-12-16,302208.024,1443
1443,2016-12-17,340408.274,1444
1444,2016-12-18,401211.913,1445
1445,2016-12-19,351702.981,1446
1446,2016-12-20,384623.784,1447
1447,2016-12-21,387603.442,1448
1448,2016-12-22,400889.065,1449
1449,2016-12-23,425386.443,1450
1450,2016-12-24,413170.207,1451
1451,2016-12-26,309767.773,1452
1452,2016-12-27,242792.095,1453
1453,2016-12-28,265759.513,1454
1454,2016-12-29,257006.744,1455
1455,2016-12-30,329599.654,1456
1456,2016-12-31,302232.811,1457
